Passenger_ID,Passenger_Name,Passenger_Age,Gender,Airline,Flight_Number,Flight_Date,Start_City,Destination_City,Scheduled_Departure,Actual_Departure,Scheduled_Arrival,Actual_Arrival,Ticket_Price,Class,Seat_Number
P0001,Kritika Kumar,27,Female,IndiGo,6.00E+169,01-01-2026,Lucknow,Jaipur,01-01-2026 06:30,01-01-2026 06:34,01-01-2026 07:41,01-01-2026 07:43,13270,Business,4D
P0002,Sneha Kumar,57,Female,Alliance Air,9I735,01-01-2026,Kochi,Varanasi,01-01-2026 06:35,01-01-2026 06:37,01-01-2026 09:36,01-01-2026 09:50,36670,Business,2C
P0003,Deepak Banerjee,34,Male,Air India Express,IX302,02-01-2026,Madurai,Guwahati,02-01-2026 11:15,02-01-2026 11:24,02-01-2026 14:43,02-01-2026 14:44,17470,Economy,44B
P0004,Rohit Krishnan,31,Male,Air India,AI968,02-01-2026,Pune,Madurai,02-01-2026 12:35,02-01-2026 12:41,02-01-2026 14:32,02-01-2026 14:36,10020,Economy,33F
P0005,Nisha Joshi,45,Female,IndiGo,6E519,02-01-2026,Madurai,Delhi,02-01-2026 12:40,02-01-2026 12:48,02-01-2026 15:54,02-01-2026 16:03,17860,Economy,19A
P0006,Kajal Mehta,5,Female,Air India Express,IX107,02-01-2026,Guwahati,Bhubaneswar,02-01-2026 17:50,02-01-2026 18:00,02-01-2026 19:20,02-01-2026 19:38,7730,Economy,16B
P0007,Preethi Joshi,26,Female,SpiceJet,SG171,03-01-2026,Madurai,Mumbai,03-01-2026 10:25,03-01-2026 11:37,03-01-2026 12:21,03-01-2026 13:46,10140,Economy,17B
P0008,Karthik Kumar,25,Male,Air India,AI707,03-01-2026,Ahmedabad,Bhubaneswar,03-01-2026 05:55,03-01-2026 05:54,03-01-2026 08:15,03-01-2026 08:29,16710,Premium Economy,8A
P0009,Nisha Dubey,55,Female,IndiGo,6E793,03-01-2026,Indore,Kolkata,03-01-2026 05:05,03-01-2026 04:50,03-01-2026 07:10,03-01-2026 06:49,19320,Premium Economy,7B
P0010,Geeta Pandey,50,Female,Air India Express,IX888,04-01-2026,Delhi,Chennai,04-01-2026 13:15,04-01-2026 12:58,04-01-2026 16:03,04-01-2026 15:59,14130,Economy,42D
P0011,Krishna Trivedi,19,Male,IndiGo,6.00E+147,04-01-2026,Delhi,Jaipur,04-01-2026 21:55,04-01-2026 22:20,04-01-2026 22:45,04-01-2026 23:19,2720,Economy,16D
P0012,Sowmya Joshi,33,Female,IndiGo,6E676,05-01-2026,Mangalore,Ahmedabad,05-01-2026 13:40,05-01-2026 15:03,05-01-2026 15:41,05-01-2026 17:18,8890,Economy,22C
P0013,Mahesh Mehta,48,Male,Air India Express,IX355,05-01-2026,Varanasi,Ranchi,05-01-2026 17:55,05-01-2026 18:01,05-01-2026 18:47,05-01-2026 19:12,3050,Economy,42C
P0014,Kiran Kapoor,55,Male,SpiceJet,SG708,06-01-2026,Mumbai,Nagpur,06-01-2026 06:55,06-01-2026 07:00,06-01-2026 08:09,06-01-2026 08:26,6520,Economy,26D
P0015,Sowmya Suresh,27,Female,Air India,AI790,06-01-2026,Surat,Mangalore,06-01-2026 13:45,06-01-2026 13:32,06-01-2026 15:27,06-01-2026 15:32,7340,Economy,38C
P0016,Shalini Pandey,37,Female,Air India,AI299,07-01-2026,Goa,Delhi,07-01-2026 12:55,07-01-2026 12:54,07-01-2026 15:28,07-01-2026 15:30,10590,Economy,31C
P0017,Aditya Rao,77,Male,SpiceJet,SG917,07-01-2026,Kolkata,Bengaluru,07-01-2026 09:00,07-01-2026 09:10,07-01-2026 11:32,07-01-2026 11:45,11440,Economy,11B
P0018,Deepak Dubey,69,Male,Air India Express,IX238,07-01-2026,Chandigarh,Coimbatore,07-01-2026 10:35,07-01-2026 10:58,07-01-2026 13:53,07-01-2026 14:33,19340,Economy,30F
P0019,Rekha Joshi,35,Female,Akasa Air,QP106,08-01-2026,Lucknow,Chennai,08-01-2026 22:05,08-01-2026 22:10,09-01-2026 00:26,09-01-2026 00:31,15120,Economy,33A
P0020,Arun Joshi,32,Male,IndiGo,6E918,09-01-2026,Visakhapatnam,Lucknow,09-01-2026 15:05,09-01-2026 15:25,09-01-2026 16:53,09-01-2026 17:04,8940,Economy,35A
P0021,Radhika Singh,67,Female,Air India Express,IX387,09-01-2026,Trivandrum,Patna,09-01-2026 10:25,09-01-2026 10:13,09-01-2026 13:38,09-01-2026 13:23,26020,Premium Economy,8A
P0022,Sunita Singh,55,Female,IndiGo,6E815,10-01-2026,Ahmedabad,Srinagar,10-01-2026 16:15,10-01-2026 16:36,10-01-2026 18:15,10-01-2026 18:29,32850,Business,4C
P0023,Sowmya Rao,54,Female,Air India,AI628,10-01-2026,Nagpur,Hyderabad,10-01-2026 19:30,10-01-2026 20:14,10-01-2026 20:24,10-01-2026 21:03,5160,Economy,12F
P0024,Rahul Mukherjee,68,Male,Akasa Air,QP765,10-01-2026,Goa,Ranchi,10-01-2026 14:35,10-01-2026 14:54,10-01-2026 16:52,10-01-2026 17:29,9660,Economy,10A
P0025,Amit Desai,27,Male,Air India Express,IX546,11-01-2026,Bengaluru,Trivandrum,11-01-2026 19:25,11-01-2026 22:17,11-01-2026 20:37,11-01-2026 23:48,5140,Economy,17F
P0026,Bhavana Mishra,70,Female,Air India Express,IX303,11-01-2026,Srinagar,Bhubaneswar,11-01-2026 06:00,11-01-2026 06:03,11-01-2026 08:54,11-01-2026 09:15,17780,Economy,19E
P0027,Sanjay Pillai,37,Male,Akasa Air,QP728,11-01-2026,Tiruchirappalli,Srinagar,11-01-2026 15:30,11-01-2026 16:23,11-01-2026 19:21,11-01-2026 20:26,25400,Economy,28A
P0028,Anil Choudhary,65,Male,IndiGo,6E580,11-01-2026,Tiruchirappalli,Madurai,11-01-2026 15:05,11-01-2026 15:49,11-01-2026 15:55,11-01-2026 16:44,2840,Premium Economy,7B
P0029,Suman Shah,57,Female,Air India,AI894,12-01-2026,Madurai,Mumbai,12-01-2026 11:00,12-01-2026 11:02,12-01-2026 12:55,12-01-2026 13:17,9260,Economy,44D
P0030,Harish Joshi,38,Male,Air India Express,IX833,12-01-2026,Goa,Bengaluru,12-01-2026 08:35,12-01-2026 08:42,12-01-2026 09:41,12-01-2026 10:08,4120,Economy,41A
P0031,Balaji Yadav,20,Male,IndiGo,6E364,12-01-2026,Goa,Ranchi,12-01-2026 22:20,13-01-2026 00:00,13-01-2026 00:41,13-01-2026 02:41,10550,Economy,16F
P0032,Girish Trivedi,19,Male,IndiGo,6E605,13-01-2026,Kochi,Ahmedabad,13-01-2026 05:25,13-01-2026 06:33,13-01-2026 07:46,13-01-2026 08:52,14140,Economy,42A
P0033,Sindhu Naidu,33,Female,Alliance Air,9I241,13-01-2026,Bhubaneswar,Visakhapatnam,13-01-2026 08:10,13-01-2026 08:48,13-01-2026 09:00,13-01-2026 09:30,3800,Economy,39E
P0034,Nandini Tiwari,20,Female,Akasa Air,QP907,13-01-2026,Goa,Trivandrum,13-01-2026 06:05,13-01-2026 06:45,13-01-2026 07:38,13-01-2026 08:07,7670,Economy,20D
P0035,Sindhu Tiwari,49,Female,Air India,AI538,13-01-2026,Hyderabad,Mangalore,13-01-2026 13:30,13-01-2026 13:35,13-01-2026 14:45,13-01-2026 14:58,6780,Economy,34C
P0036,Sunita Mishra,34,Female,Air India,AI870,14-01-2026,Ranchi,Guwahati,14-01-2026 14:35,14-01-2026 14:54,14-01-2026 16:03,14-01-2026 16:38,10150,Premium Economy,7B
P0037,Anjali Suresh,39,Female,Alliance Air,9I901,14-01-2026,Amritsar,Guwahati,14-01-2026 20:10,14-01-2026 20:19,14-01-2026 22:56,14-01-2026 23:17,15200,Economy,25A
P0038,Gaurav Chowdhury,60,Male,IndiGo,6E325,14-01-2026,Delhi,Visakhapatnam,14-01-2026 18:10,14-01-2026 18:17,14-01-2026 20:26,14-01-2026 20:50,11140,Economy,33B
P0039,Shreya Krishnan,23,Female,Air India,AI646,14-01-2026,Hyderabad,Jaipur,14-01-2026 22:20,14-01-2026 22:39,15-01-2026 00:05,15-01-2026 00:43,8640,Economy,10E
P0040,Vikram Tiwari,45,Male,Air India,AI624,15-01-2026,Mumbai,Trivandrum,15-01-2026 10:20,15-01-2026 11:39,15-01-2026 12:26,15-01-2026 13:58,12030,Economy,11F
P0041,Vishal Desai,26,Male,IndiGo,6E978,15-01-2026,Indore,Hyderabad,15-01-2026 22:30,16-01-2026 01:22,15-01-2026 23:52,16-01-2026 02:40,5260,Economy,26B
P0042,Vijay Verma,24,Male,Air India Express,IX264,16-01-2026,Kochi,Nagpur,16-01-2026 14:15,16-01-2026 14:28,16-01-2026 16:19,16-01-2026 16:42,19950,Premium Economy,5B
P0043,Kavya Das,9,Female,IndiGo,6E596,16-01-2026,Nagpur,Amritsar,16-01-2026 13:00,16-01-2026 13:13,16-01-2026 14:58,16-01-2026 15:05,11540,Economy,10D
P0044,Tarun Gupta,57,Male,Air India,AI609,17-01-2026,Srinagar,Ranchi,17-01-2026 11:30,17-01-2026 11:39,17-01-2026 14:03,17-01-2026 14:25,12660,Economy,44B
P0045,Lakshmi Mishra,24,Female,Air India Express,IX788,17-01-2026,Nagpur,Srinagar,17-01-2026 09:55,17-01-2026 09:45,17-01-2026 12:21,17-01-2026 12:13,40500,Business,3B
P0046,Karthik Verma,67,Male,Air India,AI904,19-01-2026,Chennai,Visakhapatnam,19-01-2026 12:55,19-01-2026 13:02,19-01-2026 14:08,19-01-2026 14:23,6080,Economy,30B
P0047,Anita Verma,27,Female,Akasa Air,QP216,19-01-2026,Surat,Delhi,19-01-2026 06:10,19-01-2026 06:17,19-01-2026 07:49,19-01-2026 08:03,8410,Economy,25A
P0048,Manisha Krishnan,12,Female,Air India,AI675,19-01-2026,Pune,Lucknow,19-01-2026 17:40,19-01-2026 17:46,19-01-2026 19:40,19-01-2026 19:51,13510,Premium Economy,9A
P0049,Gaurav Yadav,15,Male,Air India,AI667,19-01-2026,Ahmedabad,Guwahati,19-01-2026 06:15,19-01-2026 05:58,19-01-2026 09:13,19-01-2026 09:05,17120,Economy,25C
P0050,Gaurav Mehta,23,Male,IndiGo,6E532,20-01-2026,Kolkata,Jaipur,20-01-2026 19:40,20-01-2026 19:48,20-01-2026 21:53,20-01-2026 21:49,32070,Business,2B
P0051,Ravi Kapoor,57,Male,Air India,AI509,20-01-2026,Guwahati,Tiruchirappalli,20-01-2026 15:35,20-01-2026 15:44,20-01-2026 18:51,20-01-2026 18:54,19800,Economy,29A
P0052,Shreya Suresh,52,Female,Air India,AI313,21-01-2026,Varanasi,Visakhapatnam,21-01-2026 19:50,21-01-2026 19:45,21-01-2026 21:30,21-01-2026 21:36,13030,Premium Economy,5C
P0053,Ramesh Naidu,34,Male,SpiceJet,SG157,22-01-2026,Varanasi,Chennai,22-01-2026 20:30,22-01-2026 21:02,22-01-2026 22:49,22-01-2026 23:15,31130,Business,1B
P0054,Rahul Malhotra,26,Male,Air India,AI204,23-01-2026,Nagpur,Bhopal,23-01-2026 18:00,23-01-2026 17:48,23-01-2026 18:55,23-01-2026 18:45,3100,Economy,11E
P0055,Akash Subramaniam,35,Male,IndiGo,6E570,23-01-2026,Madurai,Ranchi,23-01-2026 20:35,23-01-2026 20:40,23-01-2026 23:15,23-01-2026 23:09,13830,Economy,36A
P0056,Rahul Suresh,56,Male,Air India Express,IX418,24-01-2026,Patna,Chennai,24-01-2026 12:05,24-01-2026 12:04,24-01-2026 14:29,24-01-2026 14:25,13460,Economy,28E
P0057,Rohit Verma,49,Male,Alliance Air,9I556,24-01-2026,Amritsar,Srinagar,24-01-2026 12:30,24-01-2026 12:34,24-01-2026 13:20,24-01-2026 13:21,2730,Economy,15D
P0058,Padma Mehta,39,Female,Akasa Air,QP587,24-01-2026,Jaipur,Guwahati,24-01-2026 18:25,24-01-2026 19:03,24-01-2026 20:59,24-01-2026 21:52,16110,Economy,42C
P0059,Anjali Das,37,Female,IndiGo,6E980,24-01-2026,Bhubaneswar,Goa,24-01-2026 08:05,24-01-2026 08:07,24-01-2026 10:17,24-01-2026 10:16,10510,Economy,15B
P0060,Rajesh Das,65,Male,Akasa Air,QP571,24-01-2026,Madurai,Guwahati,24-01-2026 14:50,24-01-2026 16:05,24-01-2026 18:12,24-01-2026 19:37,33120,Premium Economy,7D
P0061,Padma Rathore,37,Female,Air India,AI767,25-01-2026,Pune,Goa,25-01-2026 10:40,25-01-2026 10:48,25-01-2026 11:34,25-01-2026 11:34,3290,Economy,23F
P0062,Kajal Shah,10,Female,IndiGo,6E563,25-01-2026,Patna,Bhopal,25-01-2026 19:05,25-01-2026 19:24,25-01-2026 20:37,25-01-2026 20:51,6420,Economy,24B
P0063,Anil Das,71,Male,IndiGo,6E331,26-01-2026,Hyderabad,Delhi,26-01-2026 21:40,26-01-2026 22:24,26-01-2026 23:43,27-01-2026 00:17,9930,Economy,18E
P0064,Geeta Naidu,28,Female,Air India,AI234,26-01-2026,Guwahati,Nagpur,26-01-2026 13:15,26-01-2026 13:50,26-01-2026 15:28,26-01-2026 16:03,13040,Economy,19D
P0065,Asha Singh,23,Female,IndiGo,6E928,27-01-2026,Srinagar,Ahmedabad,27-01-2026 20:10,27-01-2026 20:09,27-01-2026 22:17,27-01-2026 22:19,11740,Economy,30B
P0066,Varun Chowdhury,49,Male,SpiceJet,SG376,27-01-2026,Srinagar,Indore,27-01-2026 21:55,27-01-2026 22:24,27-01-2026 23:56,28-01-2026 00:20,19120,Premium Economy,8B
P0067,Madhavi Krishnan,12,Female,Akasa Air,QP520,27-01-2026,Kochi,Amritsar,27-01-2026 22:45,27-01-2026 22:44,28-01-2026 02:25,28-01-2026 02:32,53510,Business,4B
P0068,Sowmya Krishnan,19,Female,Air India,AI415,27-01-2026,Madurai,Lucknow,27-01-2026 09:05,27-01-2026 09:10,27-01-2026 12:07,27-01-2026 12:32,14380,Economy,11A
P0069,Suresh Desai,43,Male,Air India,AI506,27-01-2026,Bhubaneswar,Amritsar,27-01-2026 13:45,27-01-2026 13:53,27-01-2026 16:31,27-01-2026 16:51,12790,Economy,25F
P0070,Divya Banerjee,17,Female,SpiceJet,SG942,27-01-2026,Kolkata,Patna,27-01-2026 07:25,27-01-2026 07:55,27-01-2026 08:24,27-01-2026 09:10,4800,Economy,37B
P0071,Sowmya Agarwal,28,Female,Air India,AI307,28-01-2026,Hyderabad,Amritsar,28-01-2026 09:05,28-01-2026 09:10,28-01-2026 11:44,28-01-2026 11:57,15950,Economy,44C
P0072,Nandini Mehta,47,Female,Alliance Air,9I504,28-01-2026,Coimbatore,Bengaluru,28-01-2026 16:25,28-01-2026 16:29,28-01-2026 17:15,28-01-2026 17:27,2700,Economy,23D
P0073,Sowmya Gupta,29,Female,Akasa Air,QP217,28-01-2026,Chennai,Mangalore,28-01-2026 10:55,28-01-2026 10:55,28-01-2026 12:04,28-01-2026 12:02,4900,Economy,37D
P0074,Anjali Bose,50,Female,Air India Express,IX503,28-01-2026,Lucknow,Guwahati,28-01-2026 15:10,28-01-2026 15:06,28-01-2026 17:08,28-01-2026 17:22,9770,Economy,27E
P0075,Yash Gupta,40,Male,Alliance Air,9I724,28-01-2026,Chandigarh,Kolkata,28-01-2026 09:40,28-01-2026 10:04,28-01-2026 12:04,28-01-2026 12:22,27650,Business,3A
P0076,Karthik Choudhary,49,Male,Air India,AI232,28-01-2026,Kolkata,Mangalore,28-01-2026 20:15,28-01-2026 20:22,28-01-2026 22:55,28-01-2026 23:14,15860,Economy,43E
P0077,Komal Subramaniam,57,Female,IndiGo,6E454,29-01-2026,Hyderabad,Jaipur,29-01-2026 06:50,29-01-2026 07:00,29-01-2026 08:38,29-01-2026 08:37,9790,Economy,14A
P0078,Aditya Agarwal,35,Male,Akasa Air,QP157,29-01-2026,Visakhapatnam,Patna,29-01-2026 15:40,29-01-2026 15:48,29-01-2026 17:15,29-01-2026 17:26,22550,Business,2C
P0079,Harish Chatterjee,53,Male,IndiGo,6E897,30-01-2026,Kolkata,Delhi,30-01-2026 21:40,30-01-2026 21:50,30-01-2026 23:51,31-01-2026 00:11,9140,Economy,19B
P0080,Akash Raghavan,50,Male,Alliance Air,9I966,30-01-2026,Patna,Indore,30-01-2026 18:35,30-01-2026 19:28,30-01-2026 20:20,30-01-2026 21:09,22940,Business,4C
P0081,Lakshmi Bhatt,44,Female,Air India Express,IX607,30-01-2026,Patna,Bhubaneswar,30-01-2026 13:40,30-01-2026 14:14,30-01-2026 14:46,30-01-2026 15:10,10260,Premium Economy,8B
P0082,Nikhil Trivedi,41,Male,SpiceJet,SG711,30-01-2026,Chandigarh,Srinagar,30-01-2026 16:25,30-01-2026 16:47,30-01-2026 17:22,30-01-2026 17:51,10710,Business,1B
P0083,Siddharth Reddy,19,Male,IndiGo,6E706,30-01-2026,Tiruchirappalli,Pune,30-01-2026 16:10,30-01-2026 17:20,30-01-2026 17:59,30-01-2026 18:57,10490,Economy,44B
P0084,Charu Choudhary,54,Female,IndiGo,6E826,31-01-2026,Kochi,Chennai,31-01-2026 12:10,31-01-2026 13:05,31-01-2026 13:24,31-01-2026 14:21,6200,Economy,23B
P0085,Komal Das,57,Female,SpiceJet,SG118,31-01-2026,Amritsar,Mumbai,31-01-2026 17:35,31-01-2026 17:39,31-01-2026 20:01,31-01-2026 20:21,12570,Economy,12B
P0086,Varun Singh,37,Male,IndiGo,6E936,31-01-2026,Delhi,Madurai,31-01-2026 12:15,31-01-2026 12:48,31-01-2026 15:33,31-01-2026 16:21,19800,Economy,18B
P0087,Rekha Reddy,50,Female,SpiceJet,SG652,31-01-2026,Hyderabad,Varanasi,31-01-2026 10:40,31-01-2026 10:40,31-01-2026 12:31,31-01-2026 12:33,14540,Premium Economy,5C
P0088,Balaji Yadav,51,Male,Alliance Air,9I101,31-01-2026,Bengaluru,Chennai,31-01-2026 11:45,31-01-2026 14:18,31-01-2026 12:35,31-01-2026 14:58,3100,Economy,45F
P0089,Krishna Malhotra,58,Male,Air India,AI118,01-02-2026,Srinagar,Bengaluru,01-02-2026 22:55,01-02-2026 22:54,02-02-2026 02:24,02-02-2026 02:11,17870,Economy,19D
P0090,Kajal Krishnan,33,Female,SpiceJet,SG929,01-02-2026,Jaipur,Lucknow,01-02-2026 16:50,01-02-2026 18:56,01-02-2026 17:48,01-02-2026 19:53,13520,Business,3C
P0091,Sunil Banerjee,16,Male,SpiceJet,SG438,01-02-2026,Srinagar,Goa,01-02-2026 14:40,01-02-2026 14:44,01-02-2026 17:55,01-02-2026 18:07,14390,Economy,28E
P0092,Akash Dubey,23,Male,Alliance Air,9I543,01-02-2026,Bhubaneswar,Tiruchirappalli,01-02-2026 21:10,01-02-2026 21:10,01-02-2026 23:25,01-02-2026 23:33,38150,Business,2C
P0093,Sindhu Desai,67,Female,Air India Express,IX281,02-02-2026,Indore,Guwahati,02-02-2026 08:30,02-02-2026 09:01,02-02-2026 11:02,02-02-2026 11:53,37550,Business,4B
P0094,Neha Trivedi,51,Female,IndiGo,6.00E+182,02-02-2026,Goa,Srinagar,02-02-2026 13:45,02-02-2026 14:16,02-02-2026 16:52,02-02-2026 17:35,49780,Business,3D
P0095,Divya Joshi,48,Female,SpiceJet,SG121,02-02-2026,Mumbai,Ranchi,02-02-2026 11:05,02-02-2026 11:29,02-02-2026 13:17,02-02-2026 13:42,21850,Premium Economy,6C
P0096,Mahesh Chatterjee,30,Male,Air India Express,IX556,03-02-2026,Kochi,Varanasi,03-02-2026 11:00,03-02-2026 11:27,03-02-2026 13:48,03-02-2026 14:03,17450,Economy,41E
P0097,Deepika Rathore,25,Female,Air India,AI421,04-02-2026,Bengaluru,Madurai,04-02-2026 20:25,04-02-2026 20:38,04-02-2026 21:15,04-02-2026 21:21,3500,Economy,17D
P0098,Rekha Das,53,Female,Akasa Air,QP506,04-02-2026,Mumbai,Chennai,04-02-2026 15:50,04-02-2026 16:32,04-02-2026 17:34,04-02-2026 18:33,8520,Economy,45F
P0099,Karthik Mukherjee,33,Male,IndiGo,6E491,04-02-2026,Amritsar,Surat,04-02-2026 09:05,04-02-2026 09:03,04-02-2026 11:09,04-02-2026 11:05,11600,Economy,23F
P0100,Nisha Mukherjee,32,Female,IndiGo,6E713,04-02-2026,Goa,Chennai,04-02-2026 05:45,04-02-2026 05:43,04-02-2026 07:13,04-02-2026 07:10,6860,Economy,41D
P0101,Suman Chauhan,38,Female,Air India,AI295,04-02-2026,Tiruchirappalli,Srinagar,04-02-2026 07:20,04-02-2026 07:57,04-02-2026 11:15,04-02-2026 12:01,55430,Business,3A
P0102,Aishwarya Trivedi,43,Female,Air India,AI721,05-02-2026,Delhi,Surat,05-02-2026 22:15,05-02-2026 22:23,05-02-2026 23:52,05-02-2026 23:52,15520,Premium Economy,5A
P0103,Gaurav Singh,35,Male,IndiGo,6E322,05-02-2026,Amritsar,Mangalore,05-02-2026 21:20,05-02-2026 21:29,06-02-2026 00:36,06-02-2026 00:53,15330,Economy,30B
P0104,Anjali Shah,28,Female,Air India Express,IX447,06-02-2026,Lucknow,Chennai,06-02-2026 17:05,06-02-2026 17:13,06-02-2026 19:27,06-02-2026 19:24,12160,Economy,43B
P0105,Sowmya Chatterjee,28,Female,Air India Express,IX471,06-02-2026,Bengaluru,Patna,06-02-2026 05:10,06-02-2026 05:13,06-02-2026 07:45,06-02-2026 08:07,11890,Economy,20A
P0106,Anjali Desai,19,Female,IndiGo,6.00E+187,06-02-2026,Bengaluru,Surat,06-02-2026 16:20,06-02-2026 16:30,06-02-2026 18:15,06-02-2026 18:26,7830,Economy,32D
P0107,Sunil Sharma,51,Male,SpiceJet,SG367,07-02-2026,Srinagar,Madurai,07-02-2026 13:15,07-02-2026 13:36,07-02-2026 17:24,07-02-2026 17:33,23870,Economy,15F
P0108,Rohan Patel,30,Male,SpiceJet,SG836,07-02-2026,Bengaluru,Kolkata,07-02-2026 05:25,07-02-2026 06:37,07-02-2026 07:52,07-02-2026 09:18,14230,Economy,27B
P0109,Kajal Krishnan,23,Female,SpiceJet,SG135,07-02-2026,Nagpur,Goa,07-02-2026 16:35,07-02-2026 16:35,07-02-2026 18:14,07-02-2026 18:21,9000,Economy,11D
P0110,Rekha Menon,19,Female,IndiGo,6E980,08-02-2026,Tiruchirappalli,Bhubaneswar,08-02-2026 08:10,08-02-2026 08:17,08-02-2026 10:22,08-02-2026 10:19,30870,Business,1A
P0111,Sunil Chatterjee,52,Male,Air India Express,IX681,09-02-2026,Srinagar,Delhi,09-02-2026 10:45,09-02-2026 10:29,09-02-2026 12:07,09-02-2026 11:56,6090,Economy,37D
P0112,Harish Chauhan,6,Male,Air India,AI902,09-02-2026,Indore,Visakhapatnam,09-02-2026 16:05,09-02-2026 16:10,09-02-2026 17:49,09-02-2026 17:47,11620,Premium Economy,7A
P0113,Pooja Mehta,19,Female,Air India,AI964,10-02-2026,Tiruchirappalli,Visakhapatnam,10-02-2026 06:00,10-02-2026 06:29,10-02-2026 07:38,10-02-2026 08:08,9260,Economy,31E
P0114,Rekha Rao,58,Female,SpiceJet,SG727,10-02-2026,Mumbai,Chennai,10-02-2026 21:35,10-02-2026 22:31,10-02-2026 23:25,11-02-2026 00:13,13490,Premium Economy,7B
P0115,Vijay Shah,59,Male,Air India Express,IX406,10-02-2026,Surat,Nagpur,10-02-2026 05:40,10-02-2026 05:44,10-02-2026 07:04,10-02-2026 07:26,15320,Business,4D
P0116,Rohit Nair,13,Male,Alliance Air,9I984,10-02-2026,Srinagar,Coimbatore,10-02-2026 15:45,10-02-2026 16:08,10-02-2026 19:32,10-02-2026 19:53,20750,Economy,42D
P0117,Kiran Joshi,20,Male,IndiGo,6E542,10-02-2026,Surat,Indore,10-02-2026 14:45,10-02-2026 14:54,10-02-2026 15:41,10-02-2026 16:07,4020,Economy,10B
P0118,Ritu Rathore,59,Female,Air India,AI317,10-02-2026,Madurai,Visakhapatnam,10-02-2026 22:25,10-02-2026 23:18,11-02-2026 00:04,11-02-2026 01:11,8200,Economy,33E
P0119,Vikram Pillai,29,Male,SpiceJet,SG192,11-02-2026,Chennai,Visakhapatnam,11-02-2026 19:45,11-02-2026 19:57,11-02-2026 21:01,11-02-2026 21:30,5750,Economy,18F
P0120,Abhishek Kapoor,54,Male,Air India,AI721,11-02-2026,Bhopal,Indore,11-02-2026 14:05,11-02-2026 14:35,11-02-2026 14:55,11-02-2026 15:37,2700,Economy,22A
P0121,Kajal Chatterjee,18,Female,Akasa Air,QP341,11-02-2026,Kochi,Pune,11-02-2026 19:50,11-02-2026 20:00,11-02-2026 21:40,11-02-2026 22:04,16880,Premium Economy,7A
P0122,Rohan Suresh,29,Male,Alliance Air,9I150,11-02-2026,Bengaluru,Coimbatore,11-02-2026 14:45,11-02-2026 15:07,11-02-2026 15:36,11-02-2026 16:15,3700,Premium Economy,7A
P0123,Nandini Reddy,25,Female,Akasa Air,QP859,11-02-2026,Coimbatore,Ranchi,11-02-2026 18:55,11-02-2026 19:49,11-02-2026 21:30,11-02-2026 22:17,16460,Economy,29D
P0124,Arjun Mishra,37,Male,IndiGo,6.00E+140,11-02-2026,Hyderabad,Guwahati,11-02-2026 07:40,11-02-2026 07:50,11-02-2026 10:15,11-02-2026 10:15,13280,Economy,17E
P0125,Sowmya Bhatt,39,Female,Air India,AI215,13-02-2026,Lucknow,Visakhapatnam,13-02-2026 14:25,13-02-2026 14:44,13-02-2026 16:13,13-02-2026 16:52,8870,Economy,16C
P0126,Kavya Dubey,54,Female,Air India,AI519,14-02-2026,Varanasi,Tiruchirappalli,14-02-2026 22:35,14-02-2026 22:54,15-02-2026 01:11,15-02-2026 01:30,13850,Economy,34C
P0127,Karthik Kapoor,48,Male,IndiGo,6E403,14-02-2026,Jaipur,Madurai,14-02-2026 06:20,14-02-2026 06:28,14-02-2026 09:10,14-02-2026 09:26,18490,Economy,17A
P0128,Anjali Subramaniam,36,Female,Air India,AI407,14-02-2026,Srinagar,Patna,14-02-2026 13:30,14-02-2026 13:35,14-02-2026 15:39,14-02-2026 15:50,11040,Economy,40A
P0129,Suresh Trivedi,16,Male,Air India,AI749,14-02-2026,Hyderabad,Pune,14-02-2026 22:15,14-02-2026 22:14,14-02-2026 23:14,14-02-2026 23:28,8340,Premium Economy,7B
P0130,Ravi Tiwari,59,Male,Air India Express,IX463,14-02-2026,Tiruchirappalli,Surat,14-02-2026 10:15,14-02-2026 10:48,14-02-2026 12:33,14-02-2026 12:55,18410,Premium Economy,7B
P0131,Rohan Trivedi,19,Male,SpiceJet,SG433,15-02-2026,Patna,Bengaluru,15-02-2026 14:30,15-02-2026 14:15,15-02-2026 17:09,15-02-2026 17:06,11530,Economy,13A
P0132,Kavya Mishra,68,Female,IndiGo,6E462,16-02-2026,Pune,Trivandrum,16-02-2026 11:35,16-02-2026 12:01,16-02-2026 13:34,16-02-2026 14:03,24750,Business,2B
P0133,Siddharth Nair,38,Male,Air India Express,IX842,16-02-2026,Ranchi,Patna,16-02-2026 15:50,16-02-2026 15:53,16-02-2026 16:40,16-02-2026 16:45,5000,Premium Economy,7D
P0134,Mahesh Chauhan,23,Male,SpiceJet,SG542,16-02-2026,Madurai,Chandigarh,16-02-2026 08:30,16-02-2026 08:43,16-02-2026 12:07,16-02-2026 12:23,64100,Business,2C
P0135,Vikram Mehta,32,Male,Alliance Air,9I568,16-02-2026,Hyderabad,Goa,16-02-2026 07:35,16-02-2026 07:35,16-02-2026 08:47,16-02-2026 08:55,4880,Economy,10D
P0136,Rohan Choudhary,23,Male,IndiGo,6.00E+119,16-02-2026,Bengaluru,Nagpur,16-02-2026 05:20,16-02-2026 05:46,16-02-2026 07:06,16-02-2026 07:48,7660,Economy,44E
P0137,Radhika Mehta,57,Female,IndiGo,6E848,17-02-2026,Madurai,Varanasi,17-02-2026 05:55,17-02-2026 05:57,17-02-2026 08:39,17-02-2026 08:41,14530,Economy,35D
P0138,Deepak Chowdhury,61,Male,Air India,AI137,17-02-2026,Surat,Chandigarh,17-02-2026 14:00,17-02-2026 13:45,17-02-2026 16:00,17-02-2026 15:54,10200,Economy,44E
P0139,Aishwarya Reddy,20,Female,Air India,AI214,18-02-2026,Surat,Chennai,18-02-2026 05:15,18-02-2026 05:15,18-02-2026 07:19,18-02-2026 07:22,8810,Economy,44B
P0140,Madhavi Reddy,47,Female,Air India Express,IX456,19-02-2026,Coimbatore,Chennai,19-02-2026 08:40,19-02-2026 11:40,19-02-2026 09:40,19-02-2026 12:51,14140,Business,2D
P0141,Kavya Joshi,73,Female,Air India,AI842,19-02-2026,Ahmedabad,Patna,19-02-2026 21:50,19-02-2026 21:58,19-02-2026 23:58,20-02-2026 00:05,12500,Economy,45D
P0142,Yash Tiwari,57,Male,Air India,AI160,19-02-2026,Bhopal,Kolkata,19-02-2026 13:30,19-02-2026 13:37,19-02-2026 15:30,19-02-2026 15:31,25450,Business,2A
P0143,Lakshmi Singh,53,Female,SpiceJet,SG225,20-02-2026,Jaipur,Visakhapatnam,20-02-2026 16:00,20-02-2026 16:59,20-02-2026 18:10,20-02-2026 19:04,9030,Economy,37C
P0144,Anita Yadav,61,Female,Air India Express,IX447,20-02-2026,Mangalore,Patna,20-02-2026 05:10,20-02-2026 05:27,20-02-2026 07:53,20-02-2026 07:59,26550,Premium Economy,6D
P0145,Padma Naidu,20,Female,Akasa Air,QP682,21-02-2026,Chennai,Kolkata,21-02-2026 06:15,21-02-2026 05:58,21-02-2026 08:24,21-02-2026 08:18,21570,Premium Economy,7C
P0146,Gaurav Rathore,57,Male,SpiceJet,SG155,21-02-2026,Coimbatore,Lucknow,21-02-2026 11:05,21-02-2026 11:13,21-02-2026 13:50,21-02-2026 14:16,28570,Premium Economy,8C
P0147,Kritika Chatterjee,25,Female,IndiGo,6.00E+214,21-02-2026,Lucknow,Ranchi,21-02-2026 07:35,21-02-2026 07:45,21-02-2026 08:40,21-02-2026 09:08,15090,Business,2B
P0148,Priya Malhotra,63,Female,SpiceJet,SG250,22-02-2026,Indore,Chandigarh,22-02-2026 22:45,22-02-2026 23:24,23-02-2026 00:21,23-02-2026 01:10,25290,Business,4B
P0149,Anjali Banerjee,70,Female,Air India,AI544,22-02-2026,Kolkata,Mumbai,22-02-2026 11:30,22-02-2026 12:15,22-02-2026 14:01,22-02-2026 14:50,11380,Economy,29B
P0150,Vikram Kapoor,19,Male,Air India,AI666,23-02-2026,Hyderabad,Jaipur,23-02-2026 15:15,23-02-2026 15:42,23-02-2026 17:04,23-02-2026 17:51,10330,Economy,13A
P0151,Tarun Pandey,23,Male,Air India Express,IX127,23-02-2026,Bhopal,Madurai,23-02-2026 19:20,23-02-2026 19:35,23-02-2026 21:51,23-02-2026 22:20,11230,Economy,18F
P0152,Arun Choudhary,34,Male,SpiceJet,SG368,24-02-2026,Amritsar,Jaipur,24-02-2026 14:55,24-02-2026 16:12,24-02-2026 16:06,24-02-2026 17:23,4730,Economy,14D
P0153,Komal Mishra,71,Female,IndiGo,6E866,24-02-2026,Bhopal,Trivandrum,24-02-2026 18:50,24-02-2026 19:45,24-02-2026 21:30,24-02-2026 22:23,11660,Economy,26B
P0154,Balaji Agarwal,31,Male,Air India Express,IX851,24-02-2026,Tiruchirappalli,Ranchi,24-02-2026 06:50,24-02-2026 07:00,24-02-2026 09:21,24-02-2026 09:22,17540,Premium Economy,9D
P0155,Asha Raghavan,49,Female,IndiGo,6E606,24-02-2026,Mangalore,Goa,24-02-2026 16:20,24-02-2026 16:27,24-02-2026 17:10,24-02-2026 17:22,2960,Economy,43B
P0156,Gaurav Singh,23,Male,IndiGo,6E952,25-02-2026,Pune,Hyderabad,25-02-2026 16:20,25-02-2026 16:27,25-02-2026 17:27,25-02-2026 17:49,5110,Economy,26C
P0157,Vandana Dubey,59,Female,IndiGo,6E364,26-02-2026,Delhi,Chandigarh,26-02-2026 12:25,26-02-2026 12:28,26-02-2026 13:15,26-02-2026 13:06,4120,Premium Economy,7B
P0158,Divya Patel,28,Female,Akasa Air,QP250,26-02-2026,Surat,Coimbatore,26-02-2026 19:25,26-02-2026 20:37,26-02-2026 21:20,26-02-2026 22:23,9490,Economy,33B
P0159,Deepak Choudhary,15,Male,IndiGo,6E525,26-02-2026,Patna,Chandigarh,26-02-2026 11:50,26-02-2026 11:53,26-02-2026 13:28,26-02-2026 13:37,10800,Economy,43D
P0160,Pooja Kapoor,60,Female,Akasa Air,QP934,27-02-2026,Chennai,Patna,27-02-2026 09:25,27-02-2026 10:53,27-02-2026 11:56,27-02-2026 13:20,14980,Economy,34E
P0161,Sowmya Iyer,6,Female,Air India Express,IX279,28-02-2026,Hyderabad,Chandigarh,28-02-2026 21:40,28-02-2026 22:13,01-03-2026 00:05,01-03-2026 00:30,10480,Economy,12D
P0162,Vijay Das,32,Male,Akasa Air,QP526,28-02-2026,Tiruchirappalli,Mangalore,28-02-2026 05:50,28-02-2026 06:25,28-02-2026 06:47,28-02-2026 07:13,4440,Economy,12C
P0163,Aditya Pillai,23,Male,Akasa Air,QP740,01-03-2026,Kochi,Ranchi,01-03-2026 20:25,01-03-2026 20:22,01-03-2026 23:15,01-03-2026 23:13,17110,Economy,35A
P0164,Suman Gupta,31,Female,SpiceJet,SG699,01-03-2026,Madurai,Chandigarh,01-03-2026 21:45,01-03-2026 21:56,02-03-2026 01:16,02-03-2026 01:29,16750,Economy,17C
P0165,Akash Suresh,41,Male,Air India,AI395,03-03-2026,Ahmedabad,Kochi,03-03-2026 18:50,03-03-2026 19:30,03-03-2026 21:10,03-03-2026 21:42,13010,Economy,41E
P0166,Deepika Choudhary,46,Female,Air India,AI501,03-03-2026,Kochi,Varanasi,03-03-2026 20:30,03-03-2026 20:35,03-03-2026 23:16,03-03-2026 23:13,17790,Economy,10C
P0167,Rekha Kumar,29,Female,IndiGo,6.00E+186,04-03-2026,Bhopal,Trivandrum,04-03-2026 21:10,04-03-2026 21:31,04-03-2026 23:47,05-03-2026 00:04,11340,Economy,27D
P0168,Mahesh Sharma,23,Male,Alliance Air,9I901,05-03-2026,Tiruchirappalli,Coimbatore,05-03-2026 13:10,05-03-2026 13:27,05-03-2026 14:00,05-03-2026 14:29,7860,Business,4B
P0169,Sindhu Rao,44,Female,IndiGo,6E423,05-03-2026,Coimbatore,Kolkata,05-03-2026 12:55,05-03-2026 13:33,05-03-2026 15:33,05-03-2026 16:16,28030,Premium Economy,6C
P0170,Karthik Banerjee,25,Male,Akasa Air,QP812,05-03-2026,Bhubaneswar,Madurai,05-03-2026 08:35,05-03-2026 08:40,05-03-2026 10:46,05-03-2026 10:59,39670,Business,4D
P0171,Ritu Kumar,35,Female,SpiceJet,SG421,05-03-2026,Guwahati,Delhi,05-03-2026 21:55,06-03-2026 01:22,06-03-2026 00:11,06-03-2026 03:34,20670,Premium Economy,8C
P0172,Rekha Kumar,20,Female,Air India Express,IX354,05-03-2026,Chandigarh,Amritsar,05-03-2026 06:15,05-03-2026 06:25,05-03-2026 07:05,05-03-2026 07:09,2990,Economy,23D
P0173,Krishna Banerjee,57,Male,SpiceJet,SG741,05-03-2026,Tiruchirappalli,Goa,05-03-2026 08:35,05-03-2026 08:38,05-03-2026 10:02,05-03-2026 09:56,12930,Premium Economy,9B
P0174,Rohit Subramaniam,44,Male,IndiGo,6E842,05-03-2026,Varanasi,Lucknow,05-03-2026 18:55,05-03-2026 19:00,05-03-2026 19:45,05-03-2026 20:00,4570,Premium Economy,9C
P0175,Amit Rathore,19,Male,IndiGo,6.00E+196,06-03-2026,Madurai,Nagpur,06-03-2026 16:20,06-03-2026 17:03,06-03-2026 18:29,06-03-2026 19:01,12300,Economy,39B
P0176,Kavya Rao,8,Female,Air India Express,IX138,06-03-2026,Delhi,Mumbai,06-03-2026 22:05,06-03-2026 22:30,06-03-2026 23:57,07-03-2026 00:26,9370,Economy,38F
P0177,Madhavi Chauhan,40,Female,SpiceJet,SG337,07-03-2026,Madurai,Varanasi,07-03-2026 05:35,07-03-2026 07:04,07-03-2026 08:19,07-03-2026 09:46,14050,Economy,32E
P0178,Abhishek Mehta,27,Male,Akasa Air,QP150,08-03-2026,Chandigarh,Srinagar,08-03-2026 09:05,08-03-2026 10:01,08-03-2026 10:02,08-03-2026 10:53,5050,Economy,43D
P0179,Rohan Naidu,74,Male,IndiGo,6E915,08-03-2026,Coimbatore,Bengaluru,08-03-2026 12:40,08-03-2026 13:05,08-03-2026 13:30,08-03-2026 14:11,2840,Economy,39F
P0180,Krishna Suresh,69,Male,Alliance Air,9I394,08-03-2026,Coimbatore,Srinagar,08-03-2026 21:45,09-03-2026 00:11,09-03-2026 01:42,09-03-2026 04:04,23010,Economy,41E
P0181,Shalini Das,52,Female,Akasa Air,QP939,08-03-2026,Bengaluru,Surat,08-03-2026 21:05,08-03-2026 21:12,08-03-2026 22:48,08-03-2026 23:03,9280,Economy,11A
P0182,Asha Yadav,22,Female,Air India,AI966,08-03-2026,Mumbai,Kochi,08-03-2026 08:05,08-03-2026 08:09,08-03-2026 09:49,08-03-2026 09:51,15250,Premium Economy,9A
P0183,Sindhu Tiwari,41,Female,Alliance Air,9I309,09-03-2026,Nagpur,Indore,09-03-2026 17:10,09-03-2026 17:40,09-03-2026 18:02,09-03-2026 18:49,4360,Economy,14A
P0184,Kavya Krishnan,49,Female,IndiGo,6E672,09-03-2026,Bhubaneswar,Amritsar,09-03-2026 20:50,09-03-2026 20:55,09-03-2026 23:27,09-03-2026 23:51,18930,Premium Economy,8B
P0185,Sindhu Chatterjee,40,Female,Air India Express,IX329,09-03-2026,Chennai,Ranchi,09-03-2026 14:50,09-03-2026 15:31,09-03-2026 16:48,09-03-2026 17:24,9750,Economy,28D
P0186,Sneha Naidu,62,Female,IndiGo,6E343,10-03-2026,Mumbai,Bhopal,10-03-2026 16:00,10-03-2026 16:10,10-03-2026 17:18,10-03-2026 17:35,7030,Economy,41F
P0187,Deepak Menon,39,Male,Alliance Air,9I106,10-03-2026,Jaipur,Chandigarh,10-03-2026 15:20,10-03-2026 15:31,10-03-2026 16:16,10-03-2026 16:31,4600,Economy,25A
P0188,Varun Banerjee,35,Male,Akasa Air,QP165,10-03-2026,Varanasi,Pune,10-03-2026 14:50,10-03-2026 14:58,10-03-2026 16:57,10-03-2026 17:08,8790,Economy,17B
P0189,Rani Desai,21,Female,Air India,AI133,11-03-2026,Coimbatore,Amritsar,11-03-2026 18:15,11-03-2026 18:38,11-03-2026 21:52,11-03-2026 22:16,18590,Economy,38E
P0190,Shalini Pandey,53,Female,SpiceJet,SG717,11-03-2026,Trivandrum,Ahmedabad,11-03-2026 18:35,11-03-2026 18:27,11-03-2026 21:14,11-03-2026 21:19,27820,Premium Economy,8B
P0191,Vandana Trivedi,43,Female,IndiGo,6E762,11-03-2026,Trivandrum,Mumbai,11-03-2026 09:00,11-03-2026 09:10,11-03-2026 11:00,11-03-2026 11:15,12710,Economy,21F
P0192,Rekha Yadav,63,Female,IndiGo,6.00E+146,13-03-2026,Nagpur,Trivandrum,13-03-2026 07:10,13-03-2026 07:40,13-03-2026 09:28,13-03-2026 09:53,14330,Economy,15B
P0193,Girish Joshi,45,Male,IndiGo,6E786,13-03-2026,Lucknow,Chennai,13-03-2026 16:25,13-03-2026 16:31,13-03-2026 18:46,13-03-2026 18:55,14850,Economy,14A
P0194,Rani Sharma,34,Female,IndiGo,6E462,13-03-2026,Pune,Tiruchirappalli,13-03-2026 19:10,13-03-2026 18:59,13-03-2026 20:50,13-03-2026 20:45,7030,Economy,45D
P0195,Aishwarya Yadav,25,Female,SpiceJet,SG508,13-03-2026,Goa,Jaipur,13-03-2026 16:50,13-03-2026 16:58,13-03-2026 19:05,13-03-2026 19:22,29270,Business,1C
P0196,Ramesh Chowdhury,59,Male,IndiGo,6E321,13-03-2026,Guwahati,Visakhapatnam,13-03-2026 05:55,13-03-2026 05:56,13-03-2026 08:08,13-03-2026 08:12,13390,Economy,24E
P0197,Ramesh Naidu,40,Male,Alliance Air,9I320,14-03-2026,Guwahati,Lucknow,14-03-2026 20:45,14-03-2026 22:12,14-03-2026 22:29,15-03-2026 00:14,9460,Economy,10A
P0198,Aditya Rao,16,Male,Air India,AI414,15-03-2026,Srinagar,Bhopal,15-03-2026 19:05,15-03-2026 19:07,15-03-2026 21:14,15-03-2026 21:29,23970,Business,4D
P0199,Sunita Trivedi,47,Female,Alliance Air,9I177,15-03-2026,Surat,Mangalore,15-03-2026 13:00,15-03-2026 13:07,15-03-2026 14:41,15-03-2026 15:01,15020,Premium Economy,9A
P0200,Radhika Dubey,14,Female,IndiGo,6E417,15-03-2026,Madurai,Mumbai,15-03-2026 07:50,15-03-2026 09:30,15-03-2026 09:41,15-03-2026 11:14,9920,Economy,42D
P0201,Pooja Patel,34,Female,Alliance Air,9I371,15-03-2026,Tiruchirappalli,Ranchi,15-03-2026 18:55,15-03-2026 20:31,15-03-2026 21:29,15-03-2026 23:24,15740,Economy,28B
P0202,Swathi Reddy,19,Female,Air India,AI735,15-03-2026,Tiruchirappalli,Hyderabad,15-03-2026 05:25,15-03-2026 05:43,15-03-2026 06:55,15-03-2026 07:20,5980,Economy,11C
P0203,Nandini Chauhan,50,Female,SpiceJet,SG602,17-03-2026,Madurai,Ranchi,17-03-2026 12:30,17-03-2026 13:00,17-03-2026 15:01,17-03-2026 15:42,13800,Economy,43C
P0204,Karthik Agarwal,22,Male,IndiGo,6.00E+129,17-03-2026,Mumbai,Goa,17-03-2026 16:25,17-03-2026 16:26,17-03-2026 17:30,17-03-2026 17:45,4020,Economy,21B
P0205,Harish Rathore,67,Male,Akasa Air,QP888,17-03-2026,Kochi,Indore,17-03-2026 16:45,17-03-2026 16:45,17-03-2026 18:58,17-03-2026 19:16,13440,Economy,33D
P0206,Akash Subramaniam,41,Male,SpiceJet,SG150,19-03-2026,Pune,Kochi,19-03-2026 14:35,19-03-2026 14:37,19-03-2026 16:18,19-03-2026 16:11,16110,Premium Economy,6D
P0207,Kavya Pandey,34,Female,IndiGo,6E436,19-03-2026,Guwahati,Madurai,19-03-2026 07:10,19-03-2026 07:16,19-03-2026 10:42,19-03-2026 10:47,15900,Economy,41A
P0208,Jyoti Pandey,30,Female,IndiGo,6E652,20-03-2026,Ahmedabad,Ranchi,20-03-2026 16:30,20-03-2026 16:32,20-03-2026 18:33,20-03-2026 18:23,10150,Economy,18C
P0209,Vandana Singh,19,Female,Air India Express,IX863,21-03-2026,Kochi,Chennai,21-03-2026 11:25,21-03-2026 11:27,21-03-2026 12:36,21-03-2026 12:43,4240,Economy,38F
P0210,Jyoti Mehta,7,Female,Air India,AI851,21-03-2026,Ahmedabad,Indore,21-03-2026 09:05,21-03-2026 09:12,21-03-2026 10:03,21-03-2026 10:17,4110,Economy,12C
P0211,Sarita Bose,64,Female,IndiGo,6E949,22-03-2026,Amritsar,Tiruchirappalli,22-03-2026 18:10,22-03-2026 18:15,22-03-2026 21:39,22-03-2026 21:41,16210,Economy,38A
P0212,Rani Desai,54,Female,SpiceJet,SG444,22-03-2026,Lucknow,Nagpur,22-03-2026 12:25,22-03-2026 13:00,22-03-2026 13:49,22-03-2026 14:15,15500,Business,3A
P0213,Meera Kumar,73,Female,SpiceJet,SG204,23-03-2026,Pune,Patna,23-03-2026 13:10,23-03-2026 14:47,23-03-2026 15:25,23-03-2026 17:08,11340,Economy,20A
P0214,Abhishek Rathore,47,Male,IndiGo,6E578,23-03-2026,Coimbatore,Lucknow,23-03-2026 13:30,23-03-2026 13:26,23-03-2026 16:25,23-03-2026 16:23,17360,Economy,14C
P0215,Vijay Raghavan,73,Male,Air India,AI830,23-03-2026,Mumbai,Kochi,23-03-2026 09:30,23-03-2026 10:32,23-03-2026 11:20,23-03-2026 12:34,24650,Business,1A
P0216,Tarun Shah,27,Male,IndiGo,6E447,23-03-2026,Trivandrum,Madurai,23-03-2026 21:30,23-03-2026 21:29,23-03-2026 22:20,23-03-2026 22:27,3170,Economy,18D
P0217,Madhavi Naidu,48,Female,Akasa Air,QP972,23-03-2026,Nagpur,Mangalore,23-03-2026 20:40,23-03-2026 20:24,23-03-2026 22:27,23-03-2026 22:14,9720,Economy,28B
P0218,Yash Chowdhury,39,Male,IndiGo,6E721,23-03-2026,Hyderabad,Goa,23-03-2026 16:30,23-03-2026 16:33,23-03-2026 17:42,23-03-2026 18:05,4740,Economy,30B
P0219,Swathi Agarwal,42,Female,IndiGo,6E665,24-03-2026,Amritsar,Patna,24-03-2026 11:55,24-03-2026 11:59,24-03-2026 13:54,24-03-2026 14:00,27690,Business,4A
P0220,Kavya Bhatt,67,Female,IndiGo,6E537,24-03-2026,Indore,Trivandrum,24-03-2026 13:10,24-03-2026 13:38,24-03-2026 15:44,24-03-2026 16:03,12240,Economy,31A
P0221,Nandini Bhatt,5,Female,IndiGo,6E789,24-03-2026,Varanasi,Mumbai,24-03-2026 18:30,24-03-2026 18:38,24-03-2026 20:41,24-03-2026 21:06,12080,Economy,43A
P0222,Nisha Singh,54,Female,SpiceJet,SG974,25-03-2026,Patna,Kochi,25-03-2026 12:00,25-03-2026 12:28,25-03-2026 15:08,25-03-2026 15:32,52720,Business,4B
P0223,Bhavana Yadav,36,Female,Air India Express,IX513,25-03-2026,Amritsar,Indore,25-03-2026 05:45,25-03-2026 06:04,25-03-2026 07:30,25-03-2026 07:46,29280,Business,3D
P0224,Asha Banerjee,44,Female,Air India Express,IX527,25-03-2026,Kochi,Bengaluru,25-03-2026 10:45,25-03-2026 10:54,25-03-2026 11:38,25-03-2026 11:58,3670,Economy,16B
P0225,Aishwarya Naidu,20,Female,Air India Express,IX186,26-03-2026,Kochi,Patna,26-03-2026 09:50,26-03-2026 10:34,26-03-2026 12:51,26-03-2026 13:28,15230,Economy,37E
P0226,Kajal Gupta,30,Female,IndiGo,6E431,27-03-2026,Amritsar,Chennai,27-03-2026 15:30,27-03-2026 15:42,27-03-2026 18:40,27-03-2026 18:51,17370,Economy,31F
P0227,Sanjay Yadav,37,Male,Air India Express,IX265,28-03-2026,Bengaluru,Pune,28-03-2026 22:45,28-03-2026 22:59,29-03-2026 00:09,29-03-2026 00:21,7500,Economy,10A
P0228,Gaurav Chauhan,48,Male,SpiceJet,SG804,28-03-2026,Delhi,Mangalore,28-03-2026 10:00,28-03-2026 09:58,28-03-2026 12:44,28-03-2026 12:59,14740,Economy,37E
P0229,Manisha Dubey,76,Female,Air India Express,IX272,28-03-2026,Delhi,Lucknow,28-03-2026 11:45,28-03-2026 12:21,28-03-2026 12:52,28-03-2026 13:23,4600,Economy,37F
P0230,Divya Subramaniam,46,Female,IndiGo,6.00E+248,28-03-2026,Mangalore,Kolkata,28-03-2026 18:50,28-03-2026 19:26,28-03-2026 21:40,28-03-2026 22:08,13830,Economy,31B
P0231,Rajesh Chowdhury,48,Male,IndiGo,6.00E+124,29-03-2026,Ahmedabad,Mangalore,29-03-2026 12:15,29-03-2026 12:23,29-03-2026 14:16,29-03-2026 14:27,15970,Premium Economy,6D
P0232,Girish Raghavan,47,Male,Akasa Air,QP675,29-03-2026,Pune,Varanasi,29-03-2026 16:00,29-03-2026 16:40,29-03-2026 18:04,29-03-2026 18:53,11220,Economy,40F
P0233,Rajesh Kapoor,33,Male,Akasa Air,QP628,30-03-2026,Chandigarh,Lucknow,30-03-2026 20:35,30-03-2026 21:21,30-03-2026 21:53,30-03-2026 22:59,14640,Business,4B
P0234,Karthik Chatterjee,59,Male,SpiceJet,SG223,30-03-2026,Ranchi,Guwahati,30-03-2026 22:30,30-03-2026 22:45,30-03-2026 23:57,31-03-2026 00:32,6990,Economy,10D
P0235,Komal Das,34,Female,Air India Express,IX909,30-03-2026,Indore,Bhopal,30-03-2026 06:05,30-03-2026 06:04,30-03-2026 06:55,30-03-2026 07:03,2500,Economy,35C
P0236,Kiran Tiwari,22,Male,Air India Express,IX361,31-03-2026,Amritsar,Tiruchirappalli,31-03-2026 21:55,31-03-2026 22:04,01-04-2026 01:32,01-04-2026 01:52,34490,Premium Economy,8D
P0237,Rahul Chauhan,33,Male,SpiceJet,SG281,31-03-2026,Mangalore,Visakhapatnam,31-03-2026 16:10,31-03-2026 16:37,31-03-2026 18:00,31-03-2026 18:20,7920,Economy,34A
P0238,Rekha Mukherjee,73,Female,Air India Express,IX142,01-04-2026,Bengaluru,Tiruchirappalli,01-04-2026 18:45,01-04-2026 20:25,01-04-2026 19:35,01-04-2026 21:20,2950,Economy,27A
P0239,Ritu Bose,15,Female,Akasa Air,QP154,02-04-2026,Chennai,Indore,02-04-2026 08:20,02-04-2026 09:21,02-04-2026 10:19,02-04-2026 11:35,17870,Premium Economy,8C
P0240,Vandana Menon,32,Female,Air India,AI469,02-04-2026,Coimbatore,Varanasi,02-04-2026 06:20,02-04-2026 06:28,02-04-2026 09:09,02-04-2026 09:09,14520,Economy,21A
P0241,Vandana Chatterjee,24,Female,IndiGo,6E594,02-04-2026,Bengaluru,Ahmedabad,02-04-2026 14:55,02-04-2026 15:03,02-04-2026 16:57,02-04-2026 17:18,11980,Economy,13E
P0242,Rani Mukherjee,23,Female,Alliance Air,9I810,02-04-2026,Trivandrum,Tiruchirappalli,02-04-2026 12:50,02-04-2026 13:12,02-04-2026 13:42,02-04-2026 14:16,2610,Economy,28B
P0243,Komal Joshi,49,Female,IndiGo,6.00E+292,03-04-2026,Patna,Chandigarh,03-04-2026 18:10,03-04-2026 18:18,03-04-2026 20:00,03-04-2026 20:04,7270,Economy,14F
P0244,Sandeep Naidu,24,Male,IndiGo,6E719,03-04-2026,Bhubaneswar,Mumbai,03-04-2026 17:10,03-04-2026 17:48,03-04-2026 19:30,03-04-2026 20:19,10620,Economy,10C
P0245,Kiran Choudhary,53,Male,Air India,AI628,03-04-2026,Guwahati,Pune,03-04-2026 19:05,03-04-2026 19:09,03-04-2026 22:17,03-04-2026 22:35,19400,Economy,13D
P0246,Charu Chauhan,43,Female,IndiGo,6E884,03-04-2026,Patna,Tiruchirappalli,03-04-2026 19:35,03-04-2026 20:21,03-04-2026 22:26,03-04-2026 23:02,51240,Business,1B
P0247,Pooja Sharma,21,Female,Air India Express,IX245,04-04-2026,Amritsar,Bengaluru,04-04-2026 07:25,04-04-2026 08:01,04-04-2026 10:43,04-04-2026 11:13,20950,Economy,30B
P0248,Siddharth Mukherjee,53,Male,Air India,AI235,04-04-2026,Ranchi,Patna,04-04-2026 21:40,04-04-2026 23:19,04-04-2026 22:31,05-04-2026 00:08,3000,Economy,40C
P0249,Amit Mishra,27,Male,Akasa Air,QP652,04-04-2026,Visakhapatnam,Varanasi,04-04-2026 17:15,04-04-2026 18:38,04-04-2026 18:52,04-04-2026 20:21,6230,Economy,42E
P0250,Madhavi Pillai,54,Female,IndiGo,6.00E+162,04-04-2026,Chennai,Guwahati,04-04-2026 16:55,04-04-2026 17:27,04-04-2026 19:43,04-04-2026 20:27,14560,Economy,32C
P0251,Suresh Pandey,25,Male,IndiGo,6E457,05-04-2026,Trivandrum,Delhi,05-04-2026 14:10,05-04-2026 14:16,05-04-2026 17:41,05-04-2026 17:54,19760,Economy,43A
P0252,Ritu Sharma,45,Female,Akasa Air,QP386,05-04-2026,Indore,Amritsar,05-04-2026 19:45,05-04-2026 20:26,05-04-2026 21:35,05-04-2026 22:36,10870,Economy,22A
P0253,Siddharth Pillai,59,Male,Air India,AI771,05-04-2026,Goa,Jaipur,05-04-2026 18:30,05-04-2026 19:05,05-04-2026 20:33,05-04-2026 21:17,31290,Business,4D
P0254,Nikhil Shah,50,Male,Akasa Air,QP918,05-04-2026,Kochi,Pune,05-04-2026 10:30,05-04-2026 12:09,05-04-2026 12:08,05-04-2026 13:49,9310,Economy,11E
P0255,Geeta Subramaniam,71,Female,Air India,AI257,06-04-2026,Nagpur,Madurai,06-04-2026 19:05,06-04-2026 19:49,06-04-2026 21:17,06-04-2026 22:12,12250,Economy,27B
P0256,Vikram Patel,31,Male,Akasa Air,QP736,06-04-2026,Jaipur,Trivandrum,06-04-2026 15:10,06-04-2026 15:14,06-04-2026 18:23,06-04-2026 18:44,19690,Economy,34F
P0257,Karthik Yadav,5,Male,IndiGo,6E748,06-04-2026,Ranchi,Kochi,06-04-2026 08:00,06-04-2026 09:17,06-04-2026 10:48,06-04-2026 12:01,21320,Premium Economy,8A
P0258,Ravi Mukherjee,32,Male,IndiGo,6E796,06-04-2026,Coimbatore,Jaipur,06-04-2026 16:35,06-04-2026 16:41,06-04-2026 19:15,06-04-2026 19:16,17150,Economy,44F
P0259,Vishal Sharma,62,Male,Akasa Air,QP555,07-04-2026,Nagpur,Bengaluru,07-04-2026 16:30,07-04-2026 16:40,07-04-2026 18:06,07-04-2026 18:04,7690,Economy,33B
P0260,Anil Yadav,63,Male,IndiGo,6E340,07-04-2026,Chandigarh,Pune,07-04-2026 10:25,07-04-2026 10:24,07-04-2026 12:38,07-04-2026 12:33,19130,Premium Economy,7D
P0261,Rani Yadav,32,Female,Alliance Air,9I542,08-04-2026,Kolkata,Nagpur,08-04-2026 07:45,08-04-2026 07:46,08-04-2026 09:29,08-04-2026 09:22,9370,Economy,19D
P0262,Ravi Rathore,5,Male,Akasa Air,QP112,09-04-2026,Ahmedabad,Mumbai,09-04-2026 09:10,09-04-2026 10:50,09-04-2026 10:10,09-04-2026 11:40,4050,Economy,36B
P0263,Kritika Sharma,63,Female,Air India,AI755,10-04-2026,Chennai,Tiruchirappalli,10-04-2026 13:10,10-04-2026 13:46,10-04-2026 14:00,10-04-2026 14:24,3650,Economy,41D
P0264,Amit Singh,30,Male,IndiGo,6.00E+199,10-04-2026,Ahmedabad,Trivandrum,10-04-2026 19:25,10-04-2026 20:10,10-04-2026 22:05,10-04-2026 23:04,15250,Economy,19D
P0265,Ramesh Pillai,57,Male,IndiGo,6E874,10-04-2026,Guwahati,Ahmedabad,10-04-2026 21:30,11-04-2026 00:38,11-04-2026 00:33,11-04-2026 03:59,14750,Economy,25D
P0266,Mahesh Singh,11,Male,IndiGo,6E887,11-04-2026,Bhubaneswar,Mumbai,11-04-2026 20:55,11-04-2026 21:34,11-04-2026 23:08,12-04-2026 00:06,12380,Economy,45A
P0267,Aditya Reddy,30,Male,IndiGo,6E308,11-04-2026,Ranchi,Hyderabad,11-04-2026 07:20,11-04-2026 07:46,11-04-2026 09:03,11-04-2026 09:20,8480,Economy,37A
P0268,Geeta Bhatt,75,Female,Air India,AI197,11-04-2026,Bhubaneswar,Hyderabad,11-04-2026 07:45,11-04-2026 08:23,11-04-2026 09:19,11-04-2026 09:53,8630,Economy,26C
P0269,Nisha Banerjee,35,Female,Air India,AI852,11-04-2026,Surat,Chandigarh,11-04-2026 22:40,11-04-2026 22:53,12-04-2026 00:39,12-04-2026 00:46,9760,Economy,12B
P0270,Abhishek Gupta,21,Male,Alliance Air,9I980,12-04-2026,Nagpur,Bhopal,12-04-2026 22:25,12-04-2026 22:29,12-04-2026 23:16,12-04-2026 23:08,3370,Economy,17D
P0271,Sarita Suresh,20,Female,IndiGo,6E811,12-04-2026,Pune,Visakhapatnam,12-04-2026 15:20,12-04-2026 16:02,12-04-2026 17:02,12-04-2026 17:47,8660,Economy,27D
P0272,Divya Gupta,27,Female,IndiGo,6E723,13-04-2026,Mumbai,Bhopal,13-04-2026 21:20,13-04-2026 21:34,13-04-2026 22:36,13-04-2026 22:49,5590,Economy,38A
P0273,Sarita Menon,32,Female,Akasa Air,QP467,14-04-2026,Amritsar,Pune,14-04-2026 05:15,14-04-2026 05:15,14-04-2026 07:32,14-04-2026 07:33,17510,Premium Economy,9B
P0274,Manoj Raghavan,41,Male,Akasa Air,QP373,14-04-2026,Ranchi,Chandigarh,14-04-2026 19:45,14-04-2026 19:54,14-04-2026 21:37,14-04-2026 21:48,12300,Economy,15F
P0275,Ashok Raghavan,79,Male,IndiGo,6E910,14-04-2026,Mumbai,Delhi,14-04-2026 16:40,14-04-2026 17:01,14-04-2026 18:40,14-04-2026 18:50,8160,Economy,38A
P0276,Ashok Kumar,39,Male,Air India,AI493,15-04-2026,Patna,Bhubaneswar,15-04-2026 20:30,15-04-2026 21:09,15-04-2026 21:45,15-04-2026 22:43,4940,Economy,11B
P0277,Anjali Verma,59,Female,Air India,AI716,15-04-2026,Kochi,Mangalore,15-04-2026 16:50,15-04-2026 17:06,15-04-2026 17:40,15-04-2026 18:09,10360,Business,2B
P0278,Karthik Tiwari,55,Male,Air India Express,IX988,16-04-2026,Patna,Trivandrum,16-04-2026 13:30,16-04-2026 14:11,16-04-2026 16:39,16-04-2026 17:10,18220,Economy,35B
P0279,Rajesh Singh,58,Male,Air India,AI937,16-04-2026,Nagpur,Mumbai,16-04-2026 09:50,16-04-2026 09:59,16-04-2026 11:14,16-04-2026 11:20,6140,Economy,42D
P0280,Divya Desai,32,Female,IndiGo,6E786,16-04-2026,Bengaluru,Mangalore,16-04-2026 20:20,16-04-2026 20:56,16-04-2026 21:10,16-04-2026 21:36,3590,Economy,30C
P0281,Vikram Desai,22,Male,IndiGo,6E985,16-04-2026,Patna,Trivandrum,16-04-2026 06:40,16-04-2026 06:49,16-04-2026 09:49,16-04-2026 10:06,17570,Economy,11B
P0282,Rohit Mehta,5,Male,Akasa Air,QP847,17-04-2026,Bhopal,Lucknow,17-04-2026 17:55,17-04-2026 18:00,17-04-2026 19:03,17-04-2026 19:15,6360,Economy,14D
P0283,Aishwarya Kumar,77,Female,Akasa Air,QP101,17-04-2026,Bengaluru,Delhi,17-04-2026 21:30,17-04-2026 22:08,18-04-2026 00:19,18-04-2026 00:55,12310,Economy,21F
P0284,Vandana Das,56,Female,IndiGo,6.00E+292,17-04-2026,Coimbatore,Amritsar,17-04-2026 11:35,17-04-2026 11:41,17-04-2026 15:11,17-04-2026 15:06,21930,Economy,18C
P0285,Ravi Subramaniam,50,Male,Air India Express,IX165,17-04-2026,Coimbatore,Goa,17-04-2026 06:15,17-04-2026 06:50,17-04-2026 07:26,17-04-2026 07:50,12360,Business,4D
P0286,Akash Joshi,36,Male,Akasa Air,QP523,17-04-2026,Goa,Surat,17-04-2026 08:25,17-04-2026 08:33,17-04-2026 09:43,17-04-2026 09:55,6720,Economy,19F
P0287,Deepika Rao,23,Female,IndiGo,6E834,17-04-2026,Surat,Bengaluru,17-04-2026 15:55,17-04-2026 16:03,17-04-2026 17:46,17-04-2026 18:12,9820,Economy,20F
P0288,Shreya Agarwal,45,Female,Akasa Air,QP106,19-04-2026,Amritsar,Ranchi,19-04-2026 15:20,19-04-2026 15:30,19-04-2026 17:30,19-04-2026 17:49,10860,Economy,34A
P0289,Deepak Krishnan,50,Male,IndiGo,6E528,19-04-2026,Srinagar,Hyderabad,19-04-2026 10:35,19-04-2026 10:57,19-04-2026 13:33,19-04-2026 13:53,14390,Economy,18B
P0290,Pooja Menon,9,Female,Akasa Air,QP151,20-04-2026,Bengaluru,Chandigarh,20-04-2026 17:10,20-04-2026 17:49,20-04-2026 20:06,20-04-2026 20:55,18420,Economy,22F
P0291,Rohan Patel,39,Male,Air India Express,IX190,20-04-2026,Hyderabad,Srinagar,20-04-2026 17:30,20-04-2026 20:00,20-04-2026 20:25,20-04-2026 22:43,14340,Economy,22F
P0292,Vandana Kumar,59,Female,Air India,AI807,20-04-2026,Goa,Bhubaneswar,20-04-2026 13:55,20-04-2026 15:15,20-04-2026 16:01,20-04-2026 17:22,20120,Premium Economy,5C
P0293,Deepika Reddy,63,Female,Air India,AI226,20-04-2026,Guwahati,Bhopal,20-04-2026 15:10,20-04-2026 15:18,20-04-2026 17:32,20-04-2026 17:33,10370,Economy,28F
P0294,Arjun Krishnan,52,Male,SpiceJet,SG794,20-04-2026,Ranchi,Mangalore,20-04-2026 10:00,20-04-2026 10:05,20-04-2026 12:27,20-04-2026 12:31,41740,Business,1C
P0295,Anita Raghavan,44,Female,IndiGo,6E953,21-04-2026,Chennai,Kochi,21-04-2026 15:35,21-04-2026 15:43,21-04-2026 16:41,21-04-2026 16:50,4540,Economy,20F
P0296,Varun Reddy,34,Male,Air India,AI243,21-04-2026,Bhopal,Patna,21-04-2026 11:45,21-04-2026 11:55,21-04-2026 13:24,21-04-2026 13:42,26030,Business,3C
P0297,Krishna Pandey,26,Male,IndiGo,6E871,22-04-2026,Nagpur,Indore,22-04-2026 05:10,22-04-2026 06:16,22-04-2026 06:00,22-04-2026 07:18,7570,Premium Economy,6C
P0298,Aditya Chowdhury,62,Male,Air India,AI737,22-04-2026,Varanasi,Lucknow,22-04-2026 05:10,22-04-2026 05:11,22-04-2026 06:00,22-04-2026 06:19,3200,Economy,24E
P0299,Rekha Rao,40,Female,Air India,AI614,23-04-2026,Guwahati,Goa,23-04-2026 08:40,23-04-2026 09:26,23-04-2026 12:06,23-04-2026 12:49,18200,Economy,19A
P0300,Vikram Trivedi,26,Male,Alliance Air,9I907,23-04-2026,Varanasi,Amritsar,23-04-2026 11:00,23-04-2026 11:33,23-04-2026 12:47,23-04-2026 13:16,10020,Economy,12D
P0301,Tarun Dubey,27,Male,Akasa Air,QP122,24-04-2026,Delhi,Pune,24-04-2026 09:05,24-04-2026 10:44,24-04-2026 11:11,24-04-2026 12:59,8840,Economy,39A
P0302,Yash Singh,35,Male,SpiceJet,SG343,25-04-2026,Madurai,Srinagar,25-04-2026 12:40,25-04-2026 12:50,25-04-2026 16:38,25-04-2026 17:06,68860,Business,2C
P0303,Kajal Reddy,48,Female,IndiGo,6E479,25-04-2026,Trivandrum,Chandigarh,25-04-2026 06:20,25-04-2026 06:22,25-04-2026 10:00,25-04-2026 10:04,28580,Premium Economy,9A
P0304,Sunil Kapoor,47,Male,IndiGo,6.00E+148,25-04-2026,Amritsar,Varanasi,25-04-2026 14:45,25-04-2026 15:25,25-04-2026 16:42,25-04-2026 17:31,25000,Business,2C
P0305,Sandeep Tiwari,63,Male,Akasa Air,QP793,25-04-2026,Srinagar,Hyderabad,25-04-2026 10:10,25-04-2026 13:34,25-04-2026 13:00,25-04-2026 16:24,18840,Economy,37A
P0306,Ramesh Chowdhury,60,Male,IndiGo,6E701,26-04-2026,Bhopal,Madurai,26-04-2026 13:25,26-04-2026 16:57,26-04-2026 15:53,26-04-2026 19:24,14770,Economy,15F
P0307,Charu Naidu,28,Female,IndiGo,6E983,26-04-2026,Lucknow,Bhopal,26-04-2026 18:10,26-04-2026 18:08,26-04-2026 19:19,26-04-2026 19:13,7420,Premium Economy,7A
P0308,Tarun Chauhan,39,Male,Air India,AI653,26-04-2026,Varanasi,Kochi,26-04-2026 05:00,26-04-2026 05:03,26-04-2026 07:53,26-04-2026 07:46,16390,Economy,23F
P0309,Yash Tiwari,48,Male,IndiGo,6E587,26-04-2026,Bhubaneswar,Hyderabad,26-04-2026 08:25,26-04-2026 10:16,26-04-2026 10:04,26-04-2026 12:15,8590,Economy,12B
P0310,Jyoti Iyer,53,Female,IndiGo,6E896,26-04-2026,Lucknow,Bhubaneswar,26-04-2026 21:15,26-04-2026 22:03,26-04-2026 22:52,26-04-2026 23:47,9720,Economy,11A
P0311,Manisha Pillai,39,Female,SpiceJet,SG514,27-04-2026,Visakhapatnam,Bhubaneswar,27-04-2026 08:05,27-04-2026 08:10,27-04-2026 08:58,27-04-2026 09:05,3090,Economy,18A
P0312,Sanjay Pandey,53,Male,Air India Express,IX448,27-04-2026,Bengaluru,Kochi,27-04-2026 05:55,27-04-2026 06:57,27-04-2026 06:48,27-04-2026 08:10,6810,Premium Economy,9A
P0313,Geeta Menon,41,Female,SpiceJet,SG327,28-04-2026,Bengaluru,Chandigarh,28-04-2026 15:10,28-04-2026 15:39,28-04-2026 18:05,28-04-2026 18:36,16670,Economy,39B
P0314,Rohit Choudhary,36,Male,IndiGo,6E921,28-04-2026,Coimbatore,Tiruchirappalli,28-04-2026 21:50,28-04-2026 21:48,28-04-2026 22:40,28-04-2026 22:54,3140,Economy,10F
P0315,Madhavi Krishnan,56,Female,Alliance Air,9I928,28-04-2026,Trivandrum,Delhi,28-04-2026 07:05,28-04-2026 07:05,28-04-2026 10:25,28-04-2026 10:31,44570,Business,1A
P0316,Ajay Rathore,34,Male,Akasa Air,QP869,29-04-2026,Bhubaneswar,Lucknow,29-04-2026 10:25,29-04-2026 11:09,29-04-2026 12:01,29-04-2026 13:03,11580,Premium Economy,8D
P0317,Rajesh Patel,9,Male,SpiceJet,SG981,30-04-2026,Tiruchirappalli,Goa,30-04-2026 22:20,30-04-2026 22:20,30-04-2026 23:47,30-04-2026 23:46,7460,Economy,39F
P0318,Rahul Choudhary,59,Male,SpiceJet,SG318,30-04-2026,Nagpur,Surat,30-04-2026 13:50,30-04-2026 13:57,30-04-2026 15:11,30-04-2026 15:33,15570,Business,1B
P0319,Radhika Mehta,31,Female,Air India,AI682,30-04-2026,Mumbai,Jaipur,30-04-2026 19:30,30-04-2026 19:33,30-04-2026 21:03,30-04-2026 21:08,24480,Business,2B
P0320,Amit Banerjee,32,Male,Air India,AI161,01-05-2026,Tiruchirappalli,Trivandrum,01-05-2026 06:20,01-05-2026 06:30,01-05-2026 07:10,01-05-2026 07:16,6430,Premium Economy,8C
P0321,Arjun Shah,68,Male,Air India Express,IX707,02-05-2026,Trivandrum,Kochi,02-05-2026 09:15,02-05-2026 09:17,02-05-2026 10:05,02-05-2026 10:23,2550,Economy,21E
P0322,Sowmya Rao,5,Female,Air India Express,IX619,02-05-2026,Goa,Varanasi,02-05-2026 14:45,02-05-2026 15:24,02-05-2026 17:09,02-05-2026 17:57,17210,Premium Economy,8A
P0323,Kritika Yadav,43,Female,IndiGo,6E975,02-05-2026,Coimbatore,Pune,02-05-2026 16:10,02-05-2026 16:07,02-05-2026 17:53,02-05-2026 17:44,8140,Economy,43F
P0324,Pooja Kapoor,54,Female,Air India,AI271,02-05-2026,Madurai,Chandigarh,02-05-2026 22:15,02-05-2026 22:24,03-05-2026 01:45,03-05-2026 02:06,21480,Economy,19E
P0325,Divya Chauhan,49,Female,IndiGo,6.00E+303,02-05-2026,Hyderabad,Chennai,02-05-2026 07:35,02-05-2026 07:43,02-05-2026 08:34,02-05-2026 08:42,7360,Premium Economy,8D
P0326,Arun Choudhary,47,Male,SpiceJet,SG397,03-05-2026,Madurai,Coimbatore,03-05-2026 14:10,03-05-2026 17:18,03-05-2026 15:00,03-05-2026 18:15,2950,Premium Economy,9D
P0327,Vandana Mishra,20,Female,Akasa Air,QP167,03-05-2026,Kochi,Chandigarh,03-05-2026 21:30,03-05-2026 21:45,04-05-2026 01:08,04-05-2026 01:19,54150,Business,1D
P0328,Swathi Verma,33,Female,IndiGo,6E401,03-05-2026,Surat,Nagpur,03-05-2026 11:05,03-05-2026 10:52,03-05-2026 12:24,03-05-2026 12:17,15920,Business,4A
P0329,Girish Mukherjee,30,Male,Alliance Air,9I226,03-05-2026,Jaipur,Mangalore,03-05-2026 11:35,03-05-2026 11:39,03-05-2026 14:08,03-05-2026 14:03,42300,Business,3B
P0330,Ashok Chowdhury,29,Male,Air India,AI608,04-05-2026,Tiruchirappalli,Pune,04-05-2026 15:15,04-05-2026 14:59,04-05-2026 17:03,04-05-2026 16:42,17570,Premium Economy,8B
P0331,Girish Chauhan,29,Male,SpiceJet,SG750,04-05-2026,Pune,Jaipur,04-05-2026 07:25,04-05-2026 07:25,04-05-2026 09:12,04-05-2026 09:30,9440,Economy,42E
P0332,Komal Bhatt,35,Female,IndiGo,6E735,04-05-2026,Ahmedabad,Patna,04-05-2026 17:05,04-05-2026 17:14,04-05-2026 19:09,04-05-2026 19:33,18230,Premium Economy,8C
P0333,Prakash Choudhary,36,Male,Akasa Air,QP814,04-05-2026,Bhubaneswar,Coimbatore,04-05-2026 17:25,04-05-2026 17:42,04-05-2026 19:38,04-05-2026 20:10,13460,Economy,40B
P0334,Rahul Iyer,54,Male,IndiGo,6.00E+168,04-05-2026,Srinagar,Bhopal,04-05-2026 18:20,04-05-2026 19:01,04-05-2026 20:21,04-05-2026 20:57,8640,Economy,11C
P0335,Krishna Agarwal,27,Male,IndiGo,6E752,05-05-2026,Jaipur,Amritsar,05-05-2026 12:20,05-05-2026 12:29,05-05-2026 13:32,05-05-2026 13:47,5440,Economy,31C
P0336,Krishna Banerjee,8,Male,Air India,AI256,05-05-2026,Bhopal,Indore,05-05-2026 20:00,05-05-2026 21:23,05-05-2026 20:50,05-05-2026 22:16,2500,Economy,35A
P0337,Shalini Trivedi,53,Female,SpiceJet,SG667,05-05-2026,Kochi,Mumbai,05-05-2026 21:45,05-05-2026 22:27,05-05-2026 23:36,06-05-2026 00:20,14670,Premium Economy,9A
P0338,Krishna Dubey,8,Male,IndiGo,6E684,06-05-2026,Chandigarh,Goa,06-05-2026 08:55,06-05-2026 09:27,06-05-2026 11:40,06-05-2026 12:31,15030,Economy,31B
P0339,Madhavi Chatterjee,36,Female,Air India,AI565,07-05-2026,Trivandrum,Ranchi,07-05-2026 12:00,07-05-2026 12:25,07-05-2026 15:01,07-05-2026 15:43,17510,Economy,25D
P0340,Sunita Bose,43,Female,IndiGo,6E737,07-05-2026,Ahmedabad,Madurai,07-05-2026 11:55,07-05-2026 13:29,07-05-2026 14:24,07-05-2026 16:01,11560,Economy,36A
P0341,Meera Yadav,51,Female,Air India,AI982,07-05-2026,Surat,Ranchi,07-05-2026 17:10,07-05-2026 17:11,07-05-2026 19:16,07-05-2026 19:18,30910,Business,3B
P0342,Amit Tiwari,27,Male,IndiGo,6E685,08-05-2026,Coimbatore,Srinagar,08-05-2026 22:20,08-05-2026 22:50,09-05-2026 02:13,09-05-2026 03:01,20720,Economy,35C
P0343,Preethi Suresh,24,Female,Air India,AI632,10-05-2026,Trivandrum,Guwahati,10-05-2026 06:10,10-05-2026 06:09,10-05-2026 10:00,10-05-2026 10:06,28800,Premium Economy,9D
P0344,Meera Nair,55,Female,SpiceJet,SG978,10-05-2026,Bengaluru,Surat,10-05-2026 08:10,10-05-2026 08:34,10-05-2026 09:59,10-05-2026 10:34,8870,Economy,28F
P0345,Anil Trivedi,35,Male,Air India Express,IX224,10-05-2026,Lucknow,Delhi,10-05-2026 15:30,10-05-2026 15:32,10-05-2026 16:34,10-05-2026 16:37,3890,Economy,39A
P0346,Manoj Bose,22,Male,Air India Express,IX104,10-05-2026,Bhopal,Bengaluru,10-05-2026 20:25,10-05-2026 20:47,10-05-2026 22:28,10-05-2026 23:06,11690,Economy,16B
P0347,Lakshmi Naidu,78,Female,Air India Express,IX406,11-05-2026,Guwahati,Goa,11-05-2026 22:35,11-05-2026 23:05,12-05-2026 01:55,12-05-2026 02:43,32630,Premium Economy,7C
P0348,Sneha Nair,45,Female,IndiGo,6E905,11-05-2026,Goa,Coimbatore,11-05-2026 08:30,11-05-2026 09:28,11-05-2026 09:42,11-05-2026 10:44,5730,Economy,37A
P0349,Radhika Choudhary,15,Female,Air India Express,IX690,11-05-2026,Varanasi,Delhi,11-05-2026 16:00,11-05-2026 16:07,11-05-2026 17:20,11-05-2026 17:25,7500,Economy,26A
P0350,Sanjay Reddy,19,Male,IndiGo,6E471,11-05-2026,Delhi,Bhubaneswar,11-05-2026 10:30,11-05-2026 10:43,11-05-2026 12:41,11-05-2026 12:52,35650,Business,2B
P0351,Naveen Verma,13,Male,IndiGo,6E973,11-05-2026,Bhubaneswar,Kolkata,11-05-2026 07:10,11-05-2026 06:54,11-05-2026 08:00,11-05-2026 07:47,4070,Economy,25E
P0352,Anita Chowdhury,40,Female,SpiceJet,SG615,12-05-2026,Kochi,Goa,12-05-2026 13:40,12-05-2026 14:07,12-05-2026 15:03,12-05-2026 15:46,20310,Business,4B
P0353,Komal Malhotra,45,Female,Air India,AI820,12-05-2026,Kochi,Guwahati,12-05-2026 08:10,12-05-2026 11:31,12-05-2026 11:46,12-05-2026 15:21,61390,Business,3B
P0354,Anil Dubey,39,Male,Akasa Air,QP556,12-05-2026,Ranchi,Mumbai,12-05-2026 18:35,12-05-2026 19:15,12-05-2026 20:49,12-05-2026 21:36,22120,Premium Economy,8C
P0355,Radhika Gupta,44,Female,Air India,AI789,13-05-2026,Trivandrum,Mumbai,13-05-2026 06:30,13-05-2026 06:26,13-05-2026 08:30,13-05-2026 08:32,14600,Premium Economy,7C
P0356,Anita Iyer,7,Female,Air India,AI111,14-05-2026,Kolkata,Visakhapatnam,14-05-2026 21:55,14-05-2026 21:58,14-05-2026 23:28,14-05-2026 23:27,11840,Premium Economy,7A
P0357,Rekha Menon,41,Female,SpiceJet,SG318,14-05-2026,Delhi,Bhubaneswar,14-05-2026 15:50,14-05-2026 15:48,14-05-2026 17:59,14-05-2026 18:01,10610,Economy,29F
P0358,Komal Chatterjee,23,Female,Air India,AI157,15-05-2026,Ahmedabad,Srinagar,15-05-2026 20:00,15-05-2026 20:07,15-05-2026 22:00,15-05-2026 22:07,21210,Premium Economy,7B
P0359,Karthik Subramaniam,76,Male,IndiGo,6.00E+207,15-05-2026,Ranchi,Tiruchirappalli,15-05-2026 14:45,15-05-2026 15:27,15-05-2026 17:09,15-05-2026 17:45,11450,Economy,28E
P0360,Vishal Shah,35,Male,Air India Express,IX503,16-05-2026,Patna,Surat,16-05-2026 20:05,16-05-2026 20:12,16-05-2026 22:18,16-05-2026 22:20,16570,Premium Economy,6A
P0361,Deepak Mehta,40,Male,IndiGo,6E829,16-05-2026,Chennai,Mumbai,16-05-2026 14:25,16-05-2026 14:34,16-05-2026 16:09,16-05-2026 16:16,9200,Economy,32C
P0362,Praveen Kumar,54,Male,IndiGo,6E855,16-05-2026,Bhopal,Kochi,16-05-2026 12:30,16-05-2026 12:28,16-05-2026 14:48,16-05-2026 14:43,24940,Premium Economy,5A
P0363,Charu Yadav,9,Female,Akasa Air,QP387,16-05-2026,Mumbai,Ranchi,16-05-2026 16:45,16-05-2026 18:46,16-05-2026 19:08,16-05-2026 21:03,12090,Economy,25C
P0364,Madhavi Agarwal,28,Female,SpiceJet,SG292,17-05-2026,Goa,Chennai,17-05-2026 05:10,17-05-2026 07:27,17-05-2026 06:26,17-05-2026 08:48,4850,Economy,38F
P0365,Prakash Kumar,26,Male,Air India,AI631,17-05-2026,Trivandrum,Ranchi,17-05-2026 19:10,17-05-2026 19:41,17-05-2026 22:02,17-05-2026 22:43,16920,Economy,42B
P0366,Divya Kapoor,24,Female,Alliance Air,9I381,17-05-2026,Hyderabad,Varanasi,17-05-2026 07:40,17-05-2026 08:00,17-05-2026 09:22,17-05-2026 09:40,7490,Economy,31E
P0367,Ajay Mukherjee,71,Male,IndiGo,6E453,17-05-2026,Ranchi,Bhopal,17-05-2026 22:45,17-05-2026 23:56,18-05-2026 00:17,18-05-2026 01:46,7990,Economy,26A
P0368,Rajesh Mehta,60,Male,Air India,AI537,17-05-2026,Jaipur,Indore,17-05-2026 17:45,17-05-2026 17:49,17-05-2026 18:44,17-05-2026 18:41,3950,Economy,32B
P0369,Vidya Bhatt,28,Female,IndiGo,6.00E+223,18-05-2026,Bhopal,Pune,18-05-2026 10:15,18-05-2026 10:20,18-05-2026 11:29,18-05-2026 11:39,12210,Premium Economy,9C
P0370,Preethi Verma,21,Female,IndiGo,6.00E+270,18-05-2026,Srinagar,Tiruchirappalli,18-05-2026 14:10,18-05-2026 17:38,18-05-2026 17:59,18-05-2026 21:24,25910,Economy,17A
P0371,Rani Sharma,6,Female,SpiceJet,SG112,18-05-2026,Chennai,Bhubaneswar,18-05-2026 14:00,18-05-2026 14:09,18-05-2026 15:48,18-05-2026 16:12,16840,Premium Economy,6A
P0372,Vishal Yadav,5,Male,Alliance Air,9I937,18-05-2026,Amritsar,Visakhapatnam,18-05-2026 16:25,18-05-2026 17:01,18-05-2026 19:05,18-05-2026 19:32,15340,Economy,15C
P0373,Vandana Rao,37,Female,Air India Express,IX766,18-05-2026,Jaipur,Srinagar,18-05-2026 20:35,18-05-2026 20:44,18-05-2026 22:09,18-05-2026 22:23,6550,Economy,25A
P0374,Manisha Yadav,53,Female,Air India,AI638,19-05-2026,Ranchi,Coimbatore,19-05-2026 06:40,19-05-2026 06:48,19-05-2026 09:15,19-05-2026 09:22,13570,Economy,17F
P0375,Swathi Nair,20,Female,Air India,AI779,19-05-2026,Visakhapatnam,Srinagar,19-05-2026 06:35,19-05-2026 06:38,19-05-2026 09:33,19-05-2026 09:55,42300,Business,3D
P0376,Mahesh Chauhan,44,Male,IndiGo,6E419,19-05-2026,Tiruchirappalli,Srinagar,19-05-2026 09:15,19-05-2026 10:00,19-05-2026 13:07,19-05-2026 13:52,61120,Business,3B
P0377,Manisha Sharma,39,Female,SpiceJet,SG239,20-05-2026,Bhopal,Chandigarh,20-05-2026 14:50,20-05-2026 14:58,20-05-2026 16:26,20-05-2026 16:45,17010,Business,1B
P0378,Arjun Joshi,34,Male,Air India,AI470,21-05-2026,Srinagar,Mangalore,21-05-2026 13:15,21-05-2026 13:22,21-05-2026 16:44,21-05-2026 17:00,17060,Economy,41D
P0379,Suman Chatterjee,6,Female,IndiGo,6E399,21-05-2026,Srinagar,Ahmedabad,21-05-2026 16:15,21-05-2026 16:21,21-05-2026 18:25,21-05-2026 18:46,11610,Economy,20F
P0380,Kritika Menon,21,Female,SpiceJet,SG866,21-05-2026,Bhubaneswar,Kochi,21-05-2026 15:55,21-05-2026 16:19,21-05-2026 18:29,21-05-2026 18:53,12290,Economy,28F
P0381,Komal Banerjee,43,Female,SpiceJet,SG796,22-05-2026,Chandigarh,Amritsar,22-05-2026 22:35,22-05-2026 22:41,22-05-2026 23:25,22-05-2026 23:49,2700,Economy,29E
P0382,Girish Kapoor,30,Male,Air India Express,IX926,22-05-2026,Delhi,Chandigarh,22-05-2026 15:20,22-05-2026 15:18,22-05-2026 16:10,22-05-2026 16:22,2900,Economy,19B
P0383,Sanjay Desai,66,Male,Air India Express,IX820,22-05-2026,Pune,Chandigarh,22-05-2026 15:20,22-05-2026 15:26,22-05-2026 17:43,22-05-2026 17:59,13600,Economy,33E
P0384,Shreya Joshi,59,Female,Air India,AI941,22-05-2026,Indore,Surat,22-05-2026 21:40,22-05-2026 22:00,22-05-2026 22:30,22-05-2026 22:44,3180,Economy,32B
P0385,Arun Rathore,54,Male,IndiGo,6.00E+217,22-05-2026,Jaipur,Mumbai,22-05-2026 18:05,22-05-2026 18:09,22-05-2026 19:41,22-05-2026 19:47,24350,Business,1C
P0386,Neha Tiwari,40,Female,Air India,AI593,23-05-2026,Ahmedabad,Mangalore,23-05-2026 16:05,23-05-2026 16:30,23-05-2026 17:56,23-05-2026 18:36,17330,Premium Economy,9A
P0387,Kajal Reddy,35,Female,IndiGo,6E814,24-05-2026,Hyderabad,Amritsar,24-05-2026 11:35,24-05-2026 11:42,24-05-2026 14:04,24-05-2026 14:11,11900,Economy,43B
P0388,Rajesh Kumar,53,Male,Air India,AI192,24-05-2026,Patna,Kochi,24-05-2026 16:25,24-05-2026 18:41,24-05-2026 19:32,24-05-2026 21:50,19370,Economy,22D
P0389,Ashok Agarwal,48,Male,Air India Express,IX319,24-05-2026,Pune,Surat,24-05-2026 13:10,24-05-2026 13:19,24-05-2026 14:01,24-05-2026 14:13,3130,Economy,43B
P0390,Ramesh Banerjee,18,Male,Air India Express,IX931,24-05-2026,Hyderabad,Patna,24-05-2026 22:25,24-05-2026 23:02,25-05-2026 00:14,25-05-2026 01:01,34300,Business,4A
P0391,Girish Rao,54,Male,SpiceJet,SG281,25-05-2026,Amritsar,Varanasi,25-05-2026 19:50,25-05-2026 21:12,25-05-2026 21:40,25-05-2026 23:10,25940,Business,3B
P0392,Gaurav Raghavan,50,Male,Air India Express,IX243,25-05-2026,Madurai,Kolkata,25-05-2026 09:55,25-05-2026 10:28,25-05-2026 12:37,25-05-2026 13:00,11940,Economy,41B
P0393,Gaurav Suresh,60,Male,Air India,AI557,25-05-2026,Bhubaneswar,Indore,25-05-2026 08:00,25-05-2026 08:43,25-05-2026 09:48,25-05-2026 10:31,8640,Economy,19B
P0394,Ritu Choudhary,42,Female,IndiGo,6E598,26-05-2026,Kochi,Jaipur,26-05-2026 06:30,26-05-2026 06:30,26-05-2026 09:27,26-05-2026 09:18,17480,Economy,26D
P0395,Naveen Verma,25,Male,Air India,AI423,26-05-2026,Chandigarh,Jaipur,26-05-2026 15:15,26-05-2026 15:51,26-05-2026 16:08,26-05-2026 17:01,4790,Economy,18B
P0396,Preethi Kapoor,65,Female,IndiGo,6E854,27-05-2026,Mumbai,Guwahati,27-05-2026 11:25,27-05-2026 11:50,27-05-2026 14:40,27-05-2026 15:23,58090,Business,3C
P0397,Kavya Rao,28,Female,Air India,AI484,27-05-2026,Varanasi,Patna,27-05-2026 17:10,27-05-2026 17:40,27-05-2026 18:00,27-05-2026 18:38,4550,Premium Economy,7D
P0398,Sowmya Desai,32,Female,Alliance Air,9I914,27-05-2026,Bhopal,Jaipur,27-05-2026 22:30,27-05-2026 23:41,27-05-2026 23:27,28-05-2026 00:48,12030,Business,2C
P0399,Rohan Trivedi,59,Male,IndiGo,6E613,28-05-2026,Jaipur,Coimbatore,28-05-2026 16:00,28-05-2026 18:53,28-05-2026 18:54,28-05-2026 22:05,28340,Premium Economy,5D
P0400,Vikram Pandey,47,Male,IndiGo,6E914,28-05-2026,Indore,Goa,28-05-2026 07:50,28-05-2026 07:59,28-05-2026 09:29,28-05-2026 09:50,8180,Economy,45D
P0401,Akash Bhatt,48,Male,Air India,AI787,29-05-2026,Delhi,Jaipur,29-05-2026 20:25,29-05-2026 20:33,29-05-2026 21:15,29-05-2026 21:26,2640,Economy,14B
P0402,Amit Verma,20,Male,SpiceJet,SG625,30-05-2026,Varanasi,Amritsar,30-05-2026 22:10,30-05-2026 22:12,30-05-2026 23:57,31-05-2026 00:08,9700,Economy,10E
P0403,Sandeep Pandey,50,Male,IndiGo,6.00E+218,30-05-2026,Amritsar,Lucknow,30-05-2026 18:50,30-05-2026 19:35,30-05-2026 20:20,30-05-2026 21:11,19550,Business,4A
P0404,Sunil Chatterjee,78,Male,IndiGo,6E597,31-05-2026,Chennai,Ranchi,31-05-2026 18:00,31-05-2026 19:05,31-05-2026 20:00,31-05-2026 21:11,8940,Economy,41A
P0405,Sanjay Iyer,18,Male,IndiGo,6E784,31-05-2026,Tiruchirappalli,Bhubaneswar,31-05-2026 20:20,31-05-2026 20:37,31-05-2026 22:25,31-05-2026 22:41,11020,Economy,37C
P0406,Sanjay Menon,51,Male,Air India,AI964,01-06-2026,Kolkata,Bengaluru,01-06-2026 20:45,01-06-2026 21:07,01-06-2026 23:14,01-06-2026 23:48,25500,Premium Economy,9A
P0407,Abhishek Choudhary,31,Male,Air India,AI205,01-06-2026,Chennai,Srinagar,01-06-2026 11:45,01-06-2026 11:51,01-06-2026 15:25,01-06-2026 15:35,20300,Economy,40F
P0408,Nisha Trivedi,23,Female,SpiceJet,SG133,02-06-2026,Goa,Delhi,02-06-2026 09:35,02-06-2026 10:12,02-06-2026 12:09,02-06-2026 12:58,13240,Economy,38F
P0409,Sowmya Tiwari,18,Female,SpiceJet,SG533,02-06-2026,Lucknow,Pune,02-06-2026 05:20,02-06-2026 05:23,02-06-2026 07:16,02-06-2026 07:35,11600,Economy,38A
P0410,Shalini Pillai,73,Female,Air India Express,IX396,02-06-2026,Kolkata,Mumbai,02-06-2026 14:55,02-06-2026 15:22,02-06-2026 17:36,02-06-2026 17:54,11720,Economy,20E
P0411,Shalini Chatterjee,39,Female,Air India,AI357,02-06-2026,Ahmedabad,Bhopal,02-06-2026 11:35,02-06-2026 11:37,02-06-2026 12:42,02-06-2026 12:32,15080,Business,3D
P0412,Tarun Kapoor,5,Male,IndiGo,6.00E+258,02-06-2026,Mumbai,Hyderabad,02-06-2026 06:50,02-06-2026 07:20,02-06-2026 08:12,02-06-2026 09:01,8410,Premium Economy,9C
P0413,Anil Agarwal,46,Male,IndiGo,6E593,03-06-2026,Kolkata,Ahmedabad,03-06-2026 09:45,03-06-2026 10:07,03-06-2026 12:25,03-06-2026 13:07,13660,Economy,31D
P0414,Rajesh Dubey,71,Male,Alliance Air,9I357,03-06-2026,Visakhapatnam,Trivandrum,03-06-2026 08:25,03-06-2026 08:32,03-06-2026 10:21,03-06-2026 10:40,14670,Premium Economy,6D
P0415,Rohit Krishnan,54,Male,SpiceJet,SG897,03-06-2026,Tiruchirappalli,Bhubaneswar,03-06-2026 15:35,03-06-2026 15:28,03-06-2026 17:51,03-06-2026 17:51,12720,Economy,25E
P0416,Rahul Raghavan,18,Male,Alliance Air,9I772,03-06-2026,Trivandrum,Surat,03-06-2026 08:55,03-06-2026 09:46,03-06-2026 11:13,03-06-2026 12:00,13180,Economy,21A
P0417,Sunita Tiwari,23,Female,IndiGo,6E849,03-06-2026,Madurai,Jaipur,03-06-2026 22:10,03-06-2026 21:56,04-06-2026 01:13,04-06-2026 01:15,14380,Economy,26E
P0418,Vandana Bose,55,Female,IndiGo,6E528,04-06-2026,Kolkata,Surat,04-06-2026 09:20,04-06-2026 09:17,04-06-2026 11:49,04-06-2026 11:57,15770,Economy,16F
P0419,Vikram Chatterjee,75,Male,IndiGo,6E945,04-06-2026,Goa,Jaipur,04-06-2026 07:15,04-06-2026 07:19,04-06-2026 09:28,04-06-2026 09:51,17860,Premium Economy,7A
P0420,Geeta Reddy,42,Female,Akasa Air,QP152,04-06-2026,Jaipur,Chandigarh,04-06-2026 06:05,04-06-2026 06:15,04-06-2026 07:08,04-06-2026 07:19,4590,Economy,31C
P0421,Anjali Krishnan,60,Female,Alliance Air,9I853,05-06-2026,Goa,Nagpur,05-06-2026 20:30,05-06-2026 20:46,05-06-2026 22:01,05-06-2026 22:27,8920,Economy,40F
P0422,Kavya Pandey,54,Female,Air India,AI586,05-06-2026,Patna,Kolkata,05-06-2026 18:15,05-06-2026 19:49,05-06-2026 19:14,05-06-2026 20:48,7510,Premium Economy,8C
P0423,Kavya Nair,43,Female,Air India,AI340,05-06-2026,Visakhapatnam,Tiruchirappalli,05-06-2026 06:00,05-06-2026 06:07,05-06-2026 07:35,05-06-2026 07:54,8090,Economy,35F
P0424,Mahesh Desai,44,Male,SpiceJet,SG445,05-06-2026,Ranchi,Chandigarh,05-06-2026 09:10,05-06-2026 09:15,05-06-2026 11:09,05-06-2026 11:30,9710,Economy,19F
P0425,Rahul Agarwal,30,Male,Air India,AI807,06-06-2026,Pune,Coimbatore,06-06-2026 20:55,06-06-2026 21:14,06-06-2026 22:32,06-06-2026 22:52,8030,Economy,40E
P0426,Siddharth Trivedi,18,Male,IndiGo,6E971,07-06-2026,Ranchi,Jaipur,07-06-2026 13:20,07-06-2026 14:06,07-06-2026 15:04,07-06-2026 15:45,9150,Economy,19F
P0427,Sindhu Subramaniam,57,Female,Alliance Air,9I210,08-06-2026,Nagpur,Ahmedabad,08-06-2026 22:25,08-06-2026 23:25,08-06-2026 23:46,09-06-2026 00:38,5870,Economy,39F
P0428,Sindhu Bose,38,Female,Air India,AI154,08-06-2026,Mangalore,Varanasi,08-06-2026 07:35,08-06-2026 08:53,08-06-2026 10:11,08-06-2026 11:24,38960,Business,4C
P0429,Rajesh Subramaniam,37,Male,IndiGo,6E980,08-06-2026,Guwahati,Coimbatore,08-06-2026 06:45,08-06-2026 08:38,08-06-2026 10:10,08-06-2026 12:04,15120,Economy,26F
P0430,Tarun Yadav,67,Male,Air India,AI244,08-06-2026,Visakhapatnam,Varanasi,08-06-2026 06:15,08-06-2026 06:34,08-06-2026 07:40,08-06-2026 07:47,8130,Economy,13C
P0431,Arun Sharma,75,Male,IndiGo,6E795,09-06-2026,Goa,Hyderabad,09-06-2026 08:05,09-06-2026 08:49,09-06-2026 09:08,09-06-2026 10:11,8770,Premium Economy,6C
P0432,Deepika Chatterjee,38,Female,IndiGo,6E481,09-06-2026,Nagpur,Kolkata,09-06-2026 18:55,09-06-2026 18:41,09-06-2026 20:45,09-06-2026 20:27,14840,Premium Economy,6D
P0433,Padma Kumar,48,Female,SpiceJet,SG523,09-06-2026,Mumbai,Pune,09-06-2026 20:50,09-06-2026 20:48,09-06-2026 21:40,09-06-2026 21:39,2500,Economy,18C
P0434,Sneha Bhatt,42,Female,Alliance Air,9I487,10-06-2026,Delhi,Patna,10-06-2026 16:45,10-06-2026 16:44,10-06-2026 18:16,10-06-2026 18:05,9160,Economy,28A
P0435,Geeta Kapoor,53,Female,IndiGo,6.00E+169,10-06-2026,Lucknow,Ahmedabad,10-06-2026 08:45,10-06-2026 09:17,10-06-2026 10:29,10-06-2026 10:57,9040,Economy,44C
P0436,Mahesh Chatterjee,28,Male,SpiceJet,SG705,10-06-2026,Trivandrum,Bhopal,10-06-2026 18:40,10-06-2026 18:43,10-06-2026 21:23,10-06-2026 21:38,21410,Premium Economy,7D
P0437,Naveen Chauhan,54,Male,SpiceJet,SG601,10-06-2026,Hyderabad,Guwahati,10-06-2026 18:30,10-06-2026 18:38,10-06-2026 21:11,10-06-2026 21:12,16430,Economy,27F
P0438,Sunil Krishnan,66,Male,IndiGo,6E893,11-06-2026,Goa,Nagpur,11-06-2026 15:05,11-06-2026 15:11,11-06-2026 16:38,11-06-2026 16:56,6410,Economy,19C
P0439,Vandana Reddy,71,Female,SpiceJet,SG811,11-06-2026,Hyderabad,Patna,11-06-2026 13:50,11-06-2026 14:13,11-06-2026 15:42,11-06-2026 16:16,8830,Economy,42E
P0440,Gaurav Mishra,48,Male,Air India,AI681,12-06-2026,Coimbatore,Madurai,12-06-2026 21:15,12-06-2026 21:35,12-06-2026 22:05,12-06-2026 22:36,2500,Economy,20B
P0441,Sowmya Dubey,5,Female,Air India Express,IX850,12-06-2026,Delhi,Bhopal,12-06-2026 16:05,12-06-2026 16:41,12-06-2026 17:26,12-06-2026 18:03,16050,Business,2D
P0442,Arun Mishra,48,Male,Air India Express,IX363,14-06-2026,Amritsar,Surat,14-06-2026 20:35,14-06-2026 20:45,14-06-2026 22:34,14-06-2026 22:54,9240,Economy,44D
P0443,Balaji Reddy,14,Male,IndiGo,6E403,14-06-2026,Pune,Hyderabad,14-06-2026 06:15,14-06-2026 07:39,14-06-2026 07:18,14-06-2026 08:58,7710,Premium Economy,7B
P0444,Anjali Naidu,46,Female,IndiGo,6E465,14-06-2026,Delhi,Goa,14-06-2026 11:45,14-06-2026 11:55,14-06-2026 14:05,14-06-2026 14:20,14830,Economy,15E
P0445,Divya Desai,8,Female,SpiceJet,SG458,16-06-2026,Ahmedabad,Varanasi,16-06-2026 06:00,16-06-2026 06:58,16-06-2026 07:45,16-06-2026 08:32,8930,Economy,25B
P0446,Radhika Gupta,44,Female,SpiceJet,SG537,16-06-2026,Pune,Lucknow,16-06-2026 14:40,16-06-2026 15:18,16-06-2026 16:44,16-06-2026 17:30,10590,Economy,35C
P0447,Sunita Menon,61,Female,IndiGo,6E995,17-06-2026,Tiruchirappalli,Trivandrum,17-06-2026 16:20,17-06-2026 16:28,17-06-2026 17:10,17-06-2026 17:16,3420,Economy,29F
P0448,Neha Desai,15,Female,Alliance Air,9I755,17-06-2026,Goa,Mangalore,17-06-2026 14:15,17-06-2026 14:25,17-06-2026 15:05,17-06-2026 15:18,10270,Business,4C
P0449,Harish Reddy,8,Male,IndiGo,6E497,17-06-2026,Amritsar,Chandigarh,17-06-2026 09:05,17-06-2026 09:15,17-06-2026 09:55,17-06-2026 10:20,3460,Premium Economy,7B
P0450,Varun Bose,57,Male,Air India Express,IX513,17-06-2026,Chandigarh,Surat,17-06-2026 05:35,17-06-2026 05:55,17-06-2026 07:32,17-06-2026 08:05,8820,Economy,23D
P0451,Nisha Singh,20,Female,IndiGo,6E409,17-06-2026,Indore,Srinagar,17-06-2026 17:55,17-06-2026 21:01,17-06-2026 20:09,17-06-2026 23:08,18740,Premium Economy,8C
P0452,Bhavana Desai,19,Female,Air India Express,IX105,17-06-2026,Patna,Tiruchirappalli,17-06-2026 20:35,17-06-2026 21:04,17-06-2026 23:17,17-06-2026 23:54,15470,Economy,13A
P0453,Vandana Banerjee,61,Female,Air India,AI284,18-06-2026,Patna,Chandigarh,18-06-2026 10:40,18-06-2026 13:17,18-06-2026 12:25,18-06-2026 15:12,24840,Business,3C
P0454,Vishal Joshi,37,Male,Air India,AI750,18-06-2026,Ranchi,Bhubaneswar,18-06-2026 08:30,18-06-2026 09:09,18-06-2026 09:25,18-06-2026 09:55,4410,Economy,13D
P0455,Shreya Suresh,56,Female,IndiGo,6.00E+294,18-06-2026,Srinagar,Jaipur,18-06-2026 09:50,18-06-2026 09:58,18-06-2026 11:22,18-06-2026 11:20,7680,Economy,38A
P0456,Pooja Bhatt,48,Female,Air India,AI497,18-06-2026,Nagpur,Jaipur,18-06-2026 16:05,18-06-2026 15:59,18-06-2026 17:30,18-06-2026 17:26,19330,Business,1C
P0457,Siddharth Subramaniam,35,Male,SpiceJet,SG520,18-06-2026,Ahmedabad,Mangalore,18-06-2026 05:35,18-06-2026 05:45,18-06-2026 07:34,18-06-2026 07:59,31010,Business,1C
P0458,Suresh Sharma,55,Male,Air India Express,IX143,18-06-2026,Pune,Bengaluru,18-06-2026 21:45,18-06-2026 21:30,18-06-2026 23:01,18-06-2026 22:50,5030,Economy,29F
P0459,Rohan Tiwari,39,Male,Air India Express,IX926,18-06-2026,Coimbatore,Pune,18-06-2026 18:25,18-06-2026 18:30,18-06-2026 19:55,18-06-2026 19:51,7500,Economy,16A
P0460,Anita Sharma,46,Female,IndiGo,6E735,18-06-2026,Ahmedabad,Goa,18-06-2026 22:30,18-06-2026 22:38,19-06-2026 00:08,19-06-2026 00:35,12160,Premium Economy,6C
P0461,Anil Bose,23,Male,Air India,AI620,19-06-2026,Surat,Jaipur,19-06-2026 11:45,19-06-2026 13:26,19-06-2026 13:07,19-06-2026 14:47,7310,Economy,14B
P0462,Praveen Mukherjee,35,Male,Air India Express,IX544,19-06-2026,Mumbai,Chandigarh,19-06-2026 09:45,19-06-2026 09:36,19-06-2026 12:02,19-06-2026 12:07,12360,Economy,45C
P0463,Vandana Choudhary,17,Female,Akasa Air,QP190,19-06-2026,Ahmedabad,Visakhapatnam,19-06-2026 07:50,19-06-2026 08:20,19-06-2026 09:58,19-06-2026 10:19,31760,Business,1D
P0464,Sandeep Iyer,32,Male,Air India,AI794,20-06-2026,Nagpur,Guwahati,20-06-2026 14:00,20-06-2026 14:07,20-06-2026 16:17,20-06-2026 16:15,13440,Economy,29B
P0465,Rajesh Das,35,Male,IndiGo,6E761,20-06-2026,Ranchi,Goa,20-06-2026 21:40,20-06-2026 21:42,21-06-2026 00:03,21-06-2026 00:01,39580,Business,3B
P0466,Rohit Bose,36,Male,SpiceJet,SG346,21-06-2026,Guwahati,Coimbatore,21-06-2026 07:40,21-06-2026 09:29,21-06-2026 11:03,21-06-2026 13:12,29410,Premium Economy,9A
P0467,Vishal Choudhary,53,Male,SpiceJet,SG737,21-06-2026,Bhopal,Hyderabad,21-06-2026 05:30,21-06-2026 06:14,21-06-2026 06:51,21-06-2026 07:25,5640,Economy,13C
P0468,Nisha Mehta,18,Female,IndiGo,6.00E+114,21-06-2026,Goa,Surat,21-06-2026 07:15,21-06-2026 08:07,21-06-2026 08:28,21-06-2026 09:18,10750,Premium Economy,5D
P0469,Anjali Suresh,10,Female,Air India Express,IX918,21-06-2026,Mumbai,Indore,21-06-2026 12:20,21-06-2026 12:50,21-06-2026 13:32,21-06-2026 14:13,15890,Business,1B
P0470,Charu Bhatt,20,Female,IndiGo,6E828,22-06-2026,Chandigarh,Coimbatore,22-06-2026 16:35,22-06-2026 16:56,22-06-2026 20:01,22-06-2026 20:23,17530,Economy,15F
P0471,Lakshmi Trivedi,36,Female,IndiGo,6E498,22-06-2026,Visakhapatnam,Amritsar,22-06-2026 20:50,22-06-2026 21:35,22-06-2026 23:30,23-06-2026 00:33,11690,Economy,20E
P0472,Aditya Yadav,18,Male,Air India,AI139,22-06-2026,Patna,Pune,22-06-2026 15:20,22-06-2026 15:30,22-06-2026 17:35,22-06-2026 17:50,13460,Economy,18F
P0473,Radhika Banerjee,63,Female,Akasa Air,QP570,23-06-2026,Jaipur,Pune,23-06-2026 21:45,23-06-2026 21:44,23-06-2026 23:26,23-06-2026 23:13,8990,Economy,33E
P0474,Sindhu Pandey,53,Female,Air India,AI842,24-06-2026,Pune,Kochi,24-06-2026 07:10,24-06-2026 10:25,24-06-2026 08:53,24-06-2026 12:28,7670,Economy,12D
P0475,Varun Krishnan,63,Male,Air India Express,IX981,24-06-2026,Mumbai,Trivandrum,24-06-2026 12:50,24-06-2026 13:00,24-06-2026 14:53,24-06-2026 15:17,37060,Business,2B
P0476,Arun Rao,60,Male,SpiceJet,SG742,24-06-2026,Chennai,Kochi,24-06-2026 22:10,24-06-2026 22:14,24-06-2026 23:18,24-06-2026 23:38,7010,Premium Economy,5C
P0477,Ravi Yadav,50,Male,IndiGo,6E519,24-06-2026,Bhubaneswar,Chennai,24-06-2026 05:35,24-06-2026 07:02,24-06-2026 07:26,24-06-2026 08:52,8160,Economy,10B
P0478,Rohit Rao,37,Male,IndiGo,6E730,24-06-2026,Guwahati,Madurai,24-06-2026 15:20,24-06-2026 15:50,24-06-2026 18:44,24-06-2026 19:29,32390,Premium Economy,7A
P0479,Rahul Raghavan,46,Male,SpiceJet,SG727,25-06-2026,Ahmedabad,Srinagar,25-06-2026 05:25,25-06-2026 05:22,25-06-2026 07:26,25-06-2026 07:19,11020,Economy,40F
P0480,Radhika Singh,50,Female,IndiGo,6E555,25-06-2026,Ahmedabad,Mangalore,25-06-2026 16:40,25-06-2026 18:07,25-06-2026 18:35,25-06-2026 20:12,12240,Economy,27B
P0481,Abhishek Tiwari,20,Male,Akasa Air,QP815,25-06-2026,Madurai,Bengaluru,25-06-2026 19:35,25-06-2026 19:36,25-06-2026 20:27,25-06-2026 20:25,10820,Business,3C
P0482,Sandeep Bose,50,Male,Air India,AI490,25-06-2026,Chandigarh,Coimbatore,25-06-2026 15:40,25-06-2026 15:30,25-06-2026 19:08,25-06-2026 18:58,21350,Economy,38B
P0483,Sarita Subramaniam,9,Female,SpiceJet,SG179,25-06-2026,Jaipur,Bengaluru,25-06-2026 22:30,25-06-2026 22:14,26-06-2026 01:00,26-06-2026 00:55,43050,Business,3B
P0484,Rahul Bose,76,Male,IndiGo,6E561,25-06-2026,Tiruchirappalli,Ahmedabad,25-06-2026 19:05,25-06-2026 18:51,25-06-2026 21:29,25-06-2026 21:23,40660,Business,4B
P0485,Neha Agarwal,44,Female,Air India,AI162,27-06-2026,Tiruchirappalli,Mumbai,27-06-2026 07:10,27-06-2026 07:06,27-06-2026 09:02,27-06-2026 08:49,7630,Economy,37A
P0486,Prakash Pandey,7,Male,IndiGo,6.00E+113,27-06-2026,Kolkata,Varanasi,27-06-2026 17:50,27-06-2026 20:48,27-06-2026 19:05,27-06-2026 22:22,6430,Economy,33F
P0487,Komal Das,42,Female,SpiceJet,SG988,27-06-2026,Bhopal,Nagpur,27-06-2026 13:45,27-06-2026 13:46,27-06-2026 14:36,27-06-2026 14:42,3740,Economy,24C
P0488,Shreya Kapoor,17,Female,SpiceJet,SG629,27-06-2026,Amritsar,Ranchi,27-06-2026 13:20,27-06-2026 14:05,27-06-2026 15:42,27-06-2026 16:32,9550,Economy,14B
P0489,Rekha Gupta,54,Female,Akasa Air,QP166,27-06-2026,Kochi,Visakhapatnam,27-06-2026 13:25,27-06-2026 13:31,27-06-2026 15:16,27-06-2026 15:23,14060,Premium Economy,9A
P0490,Prakash Subramaniam,16,Male,Alliance Air,9I590,27-06-2026,Guwahati,Chandigarh,27-06-2026 18:40,27-06-2026 18:33,27-06-2026 21:09,27-06-2026 20:55,13550,Economy,25F
P0491,Amit Dubey,22,Male,Air India,AI380,28-06-2026,Hyderabad,Amritsar,28-06-2026 16:40,28-06-2026 16:41,28-06-2026 19:14,28-06-2026 19:05,10830,Economy,34B
P0492,Sarita Menon,18,Female,SpiceJet,SG525,28-06-2026,Mangalore,Madurai,28-06-2026 18:45,28-06-2026 18:51,28-06-2026 19:55,28-06-2026 20:16,4210,Economy,38D
P0493,Abhishek Bose,48,Male,Air India,AI140,28-06-2026,Chandigarh,Nagpur,28-06-2026 17:05,28-06-2026 17:38,28-06-2026 18:52,28-06-2026 19:44,7800,Economy,38F
P0494,Vandana Kapoor,59,Female,Air India,AI926,28-06-2026,Nagpur,Kochi,28-06-2026 06:15,28-06-2026 06:46,28-06-2026 08:28,28-06-2026 08:56,10030,Economy,25C
P0495,Radhika Bhatt,47,Female,IndiGo,6E479,29-06-2026,Lucknow,Pune,29-06-2026 07:45,29-06-2026 08:30,29-06-2026 09:47,29-06-2026 10:35,12280,Economy,34C
P0496,Naveen Pillai,51,Male,SpiceJet,SG397,29-06-2026,Trivandrum,Kochi,29-06-2026 10:25,29-06-2026 10:24,29-06-2026 11:15,29-06-2026 11:14,3480,Premium Economy,6D
P0497,Meera Pandey,5,Female,Air India Express,IX164,29-06-2026,Amritsar,Bhopal,29-06-2026 07:25,29-06-2026 08:17,29-06-2026 09:09,29-06-2026 10:07,13470,Premium Economy,7A
P0498,Pooja Iyer,34,Female,IndiGo,6.00E+141,30-06-2026,Lucknow,Kolkata,30-06-2026 07:40,30-06-2026 08:04,30-06-2026 09:18,30-06-2026 09:38,24870,Business,2A
P0499,Ajay Kumar,35,Male,Air India Express,IX581,30-06-2026,Kochi,Mumbai,30-06-2026 14:55,30-06-2026 15:45,30-06-2026 16:42,30-06-2026 17:34,22160,Business,2D
P0500,Arjun Das,55,Male,SpiceJet,SG368,30-06-2026,Kolkata,Bhopal,30-06-2026 18:40,30-06-2026 18:24,30-06-2026 20:34,30-06-2026 20:15,9850,Economy,33E
