Passenger_ID,Passenger_Name,Passenger_Age,Gender,Airline,Flight_Number,Flight_Date,Start_City,Destination_City,Scheduled_Departure,Actual_Departure,Scheduled_Arrival,Actual_Arrival,Ticket_Price,Class,Seat_Number,Flight_Duration,Departure_Delay,Arrival_Delay
P0001,Kritika Kumar,27,Female,IndiGo,6.00E+169,2026-01-01,Lucknow,Jaipur,2026-01-01 06:30:00,2026-01-01 06:34:00,2026-01-01 07:41:00,2026-01-01 07:43:00,13270,Business,4D,69.0,4.0,2.0
P0002,Sneha Kumar,57,Female,Alliance Air,9I735,2026-01-01,Kochi,Varanasi,2026-01-01 06:35:00,2026-01-01 06:37:00,2026-01-01 09:36:00,2026-01-01 09:50:00,36670,Business,2C,193.0,2.0,14.0
P0003,Deepak Banerjee,34,Male,Air India Express,IX302,2026-01-02,Madurai,Guwahati,2026-01-02 11:15:00,2026-01-02 11:24:00,2026-01-02 14:43:00,2026-01-02 14:44:00,17470,Economy,44B,200.0,9.0,1.0
P0004,Rohit Krishnan,31,Male,Air India,AI968,2026-01-02,Pune,Madurai,2026-01-02 12:35:00,2026-01-02 12:41:00,2026-01-02 14:32:00,2026-01-02 14:36:00,10020,Economy,33F,115.0,6.0,4.0
P0005,Nisha Joshi,45,Female,IndiGo,6E519,2026-01-02,Madurai,Delhi,2026-01-02 12:40:00,2026-01-02 12:48:00,2026-01-02 15:54:00,2026-01-02 16:03:00,17860,Economy,19A,195.0,8.0,9.0
P0006,Kajal Mehta,5,Female,Air India Express,IX107,2026-01-02,Guwahati,Bhubaneswar,2026-01-02 17:50:00,2026-01-02 18:00:00,2026-01-02 19:20:00,2026-01-02 19:38:00,7730,Economy,16B,98.0,10.0,18.0
P0007,Preethi Joshi,26,Female,SpiceJet,SG171,2026-01-03,Madurai,Mumbai,2026-01-03 10:25:00,2026-01-03 11:37:00,2026-01-03 12:21:00,2026-01-03 13:46:00,10140,Economy,17B,129.0,72.0,85.0
P0008,Karthik Kumar,25,Male,Air India,AI707,2026-01-03,Ahmedabad,Bhubaneswar,2026-01-03 05:55:00,2026-01-03 05:54:00,2026-01-03 08:15:00,2026-01-03 08:29:00,16710,Premium Economy,8A,155.0,-1.0,14.0
P0009,Nisha Dubey,55,Female,IndiGo,6E793,2026-01-03,Indore,Kolkata,2026-01-03 05:05:00,2026-01-03 04:50:00,2026-01-03 07:10:00,2026-01-03 06:49:00,19320,Premium Economy,7B,119.0,-15.0,-21.0
P0010,Geeta Pandey,50,Female,Air India Express,IX888,2026-01-04,Delhi,Chennai,2026-01-04 13:15:00,2026-01-04 12:58:00,2026-01-04 16:03:00,2026-01-04 15:59:00,14130,Economy,42D,181.0,-17.0,-4.0
P0011,Krishna Trivedi,19,Male,IndiGo,6.00E+147,2026-01-04,Delhi,Jaipur,2026-01-04 21:55:00,2026-01-04 22:20:00,2026-01-04 22:45:00,2026-01-04 23:19:00,2720,Economy,16D,59.0,25.0,34.0
P0012,Sowmya Joshi,33,Female,IndiGo,6E676,2026-01-05,Mangalore,Ahmedabad,2026-01-05 13:40:00,2026-01-05 15:03:00,2026-01-05 15:41:00,2026-01-05 17:18:00,8890,Economy,22C,135.0,83.0,97.0
P0013,Mahesh Mehta,48,Male,Air India Express,IX355,2026-01-05,Varanasi,Ranchi,2026-01-05 17:55:00,2026-01-05 18:01:00,2026-01-05 18:47:00,2026-01-05 19:12:00,3050,Economy,42C,71.0,6.0,25.0
P0014,Kiran Kapoor,55,Male,SpiceJet,SG708,2026-01-06,Mumbai,Nagpur,2026-01-06 06:55:00,2026-01-06 07:00:00,2026-01-06 08:09:00,2026-01-06 08:26:00,6520,Economy,26D,86.0,5.0,17.0
P0015,Sowmya Suresh,27,Female,Air India,AI790,2026-01-06,Surat,Mangalore,2026-01-06 13:45:00,2026-01-06 13:32:00,2026-01-06 15:27:00,2026-01-06 15:32:00,7340,Economy,38C,120.0,-13.0,5.0
P0016,Shalini Pandey,37,Female,Air India,AI299,2026-01-07,Goa,Delhi,2026-01-07 12:55:00,2026-01-07 12:54:00,2026-01-07 15:28:00,2026-01-07 15:30:00,10590,Economy,31C,156.0,-1.0,2.0
P0017,Aditya Rao,77,Male,SpiceJet,SG917,2026-01-07,Kolkata,Bengaluru,2026-01-07 09:00:00,2026-01-07 09:10:00,2026-01-07 11:32:00,2026-01-07 11:45:00,11440,Economy,11B,155.0,10.0,13.0
P0018,Deepak Dubey,69,Male,Air India Express,IX238,2026-01-07,Chandigarh,Coimbatore,2026-01-07 10:35:00,2026-01-07 10:58:00,2026-01-07 13:53:00,2026-01-07 14:33:00,19340,Economy,30F,215.0,23.0,40.0
P0019,Rekha Joshi,35,Female,Akasa Air,QP106,2026-01-08,Lucknow,Chennai,2026-01-08 22:05:00,2026-01-08 22:10:00,2026-01-09 00:26:00,2026-01-09 00:31:00,15120,Economy,33A,141.0,5.0,5.0
P0020,Arun Joshi,32,Male,IndiGo,6E918,2026-01-09,Visakhapatnam,Lucknow,2026-01-09 15:05:00,2026-01-09 15:25:00,2026-01-09 16:53:00,2026-01-09 17:04:00,8940,Economy,35A,99.0,20.0,11.0
P0021,Radhika Singh,67,Female,Air India Express,IX387,2026-01-09,Trivandrum,Patna,2026-01-09 10:25:00,2026-01-09 10:13:00,2026-01-09 13:38:00,2026-01-09 13:23:00,26020,Premium Economy,8A,190.0,-12.0,-15.0
P0022,Sunita Singh,55,Female,IndiGo,6E815,2026-01-10,Ahmedabad,Srinagar,2026-01-10 16:15:00,2026-01-10 16:36:00,2026-01-10 18:15:00,2026-01-10 18:29:00,32850,Business,4C,113.0,21.0,14.0
P0023,Sowmya Rao,54,Female,Air India,AI628,2026-01-10,Nagpur,Hyderabad,2026-01-10 19:30:00,2026-01-10 20:14:00,2026-01-10 20:24:00,2026-01-10 21:03:00,5160,Economy,12F,49.0,44.0,39.0
P0024,Rahul Mukherjee,68,Male,Akasa Air,QP765,2026-01-10,Goa,Ranchi,2026-01-10 14:35:00,2026-01-10 14:54:00,2026-01-10 16:52:00,2026-01-10 17:29:00,9660,Economy,10A,155.0,19.0,37.0
P0025,Amit Desai,27,Male,Air India Express,IX546,2026-01-11,Bengaluru,Trivandrum,2026-01-11 19:25:00,2026-01-11 22:17:00,2026-01-11 20:37:00,2026-01-11 23:48:00,5140,Economy,17F,91.0,172.0,191.0
P0026,Bhavana Mishra,70,Female,Air India Express,IX303,2026-01-11,Srinagar,Bhubaneswar,2026-01-11 06:00:00,2026-01-11 06:03:00,2026-01-11 08:54:00,2026-01-11 09:15:00,17780,Economy,19E,192.0,3.0,21.0
P0027,Sanjay Pillai,37,Male,Akasa Air,QP728,2026-01-11,Tiruchirappalli,Srinagar,2026-01-11 15:30:00,2026-01-11 16:23:00,2026-01-11 19:21:00,2026-01-11 20:26:00,25400,Economy,28A,243.0,53.0,65.0
P0028,Anil Choudhary,65,Male,IndiGo,6E580,2026-01-11,Tiruchirappalli,Madurai,2026-01-11 15:05:00,2026-01-11 15:49:00,2026-01-11 15:55:00,2026-01-11 16:44:00,2840,Premium Economy,7B,55.0,44.0,49.0
P0029,Suman Shah,57,Female,Air India,AI894,2026-01-12,Madurai,Mumbai,2026-01-12 11:00:00,2026-01-12 11:02:00,2026-01-12 12:55:00,2026-01-12 13:17:00,9260,Economy,44D,135.0,2.0,22.0
P0030,Harish Joshi,38,Male,Air India Express,IX833,2026-01-12,Goa,Bengaluru,2026-01-12 08:35:00,2026-01-12 08:42:00,2026-01-12 09:41:00,2026-01-12 10:08:00,4120,Economy,41A,86.0,7.0,27.0
P0031,Balaji Yadav,20,Male,IndiGo,6E364,2026-01-12,Goa,Ranchi,2026-01-12 22:20:00,2026-01-13 00:00:00,2026-01-13 00:41:00,2026-01-13 02:41:00,10550,Economy,16F,161.0,100.0,120.0
P0032,Girish Trivedi,19,Male,IndiGo,6E605,2026-01-13,Kochi,Ahmedabad,2026-01-13 05:25:00,2026-01-13 06:33:00,2026-01-13 07:46:00,2026-01-13 08:52:00,14140,Economy,42A,139.0,68.0,66.0
P0033,Sindhu Naidu,33,Female,Alliance Air,9I241,2026-01-13,Bhubaneswar,Visakhapatnam,2026-01-13 08:10:00,2026-01-13 08:48:00,2026-01-13 09:00:00,2026-01-13 09:30:00,3800,Economy,39E,42.0,38.0,30.0
P0034,Nandini Tiwari,20,Female,Akasa Air,QP907,2026-01-13,Goa,Trivandrum,2026-01-13 06:05:00,2026-01-13 06:45:00,2026-01-13 07:38:00,2026-01-13 08:07:00,7670,Economy,20D,82.0,40.0,29.0
P0035,Sindhu Tiwari,49,Female,Air India,AI538,2026-01-13,Hyderabad,Mangalore,2026-01-13 13:30:00,2026-01-13 13:35:00,2026-01-13 14:45:00,2026-01-13 14:58:00,6780,Economy,34C,83.0,5.0,13.0
P0036,Sunita Mishra,34,Female,Air India,AI870,2026-01-14,Ranchi,Guwahati,2026-01-14 14:35:00,2026-01-14 14:54:00,2026-01-14 16:03:00,2026-01-14 16:38:00,10150,Premium Economy,7B,104.0,19.0,35.0
P0037,Anjali Suresh,39,Female,Alliance Air,9I901,2026-01-14,Amritsar,Guwahati,2026-01-14 20:10:00,2026-01-14 20:19:00,2026-01-14 22:56:00,2026-01-14 23:17:00,15200,Economy,25A,178.0,9.0,21.0
P0038,Gaurav Chowdhury,60,Male,IndiGo,6E325,2026-01-14,Delhi,Visakhapatnam,2026-01-14 18:10:00,2026-01-14 18:17:00,2026-01-14 20:26:00,2026-01-14 20:50:00,11140,Economy,33B,153.0,7.0,24.0
P0039,Shreya Krishnan,23,Female,Air India,AI646,2026-01-14,Hyderabad,Jaipur,2026-01-14 22:20:00,2026-01-14 22:39:00,2026-01-15 00:05:00,2026-01-15 00:43:00,8640,Economy,10E,124.0,19.0,38.0
P0040,Vikram Tiwari,45,Male,Air India,AI624,2026-01-15,Mumbai,Trivandrum,2026-01-15 10:20:00,2026-01-15 11:39:00,2026-01-15 12:26:00,2026-01-15 13:58:00,12030,Economy,11F,139.0,79.0,92.0
P0041,Vishal Desai,26,Male,IndiGo,6E978,2026-01-15,Indore,Hyderabad,2026-01-15 22:30:00,2026-01-16 01:22:00,2026-01-15 23:52:00,2026-01-16 02:40:00,5260,Economy,26B,78.0,172.0,168.0
P0042,Vijay Verma,24,Male,Air India Express,IX264,2026-01-16,Kochi,Nagpur,2026-01-16 14:15:00,2026-01-16 14:28:00,2026-01-16 16:19:00,2026-01-16 16:42:00,19950,Premium Economy,5B,134.0,13.0,23.0
P0043,Kavya Das,9,Female,IndiGo,6E596,2026-01-16,Nagpur,Amritsar,2026-01-16 13:00:00,2026-01-16 13:13:00,2026-01-16 14:58:00,2026-01-16 15:05:00,11540,Economy,10D,112.0,13.0,7.0
P0044,Tarun Gupta,57,Male,Air India,AI609,2026-01-17,Srinagar,Ranchi,2026-01-17 11:30:00,2026-01-17 11:39:00,2026-01-17 14:03:00,2026-01-17 14:25:00,12660,Economy,44B,166.0,9.0,22.0
P0045,Lakshmi Mishra,24,Female,Air India Express,IX788,2026-01-17,Nagpur,Srinagar,2026-01-17 09:55:00,2026-01-17 09:45:00,2026-01-17 12:21:00,2026-01-17 12:13:00,40500,Business,3B,148.0,-10.0,-8.0
P0046,Karthik Verma,67,Male,Air India,AI904,2026-01-19,Chennai,Visakhapatnam,2026-01-19 12:55:00,2026-01-19 13:02:00,2026-01-19 14:08:00,2026-01-19 14:23:00,6080,Economy,30B,81.0,7.0,15.0
P0047,Anita Verma,27,Female,Akasa Air,QP216,2026-01-19,Surat,Delhi,2026-01-19 06:10:00,2026-01-19 06:17:00,2026-01-19 07:49:00,2026-01-19 08:03:00,8410,Economy,25A,106.0,7.0,14.0
P0048,Manisha Krishnan,12,Female,Air India,AI675,2026-01-19,Pune,Lucknow,2026-01-19 17:40:00,2026-01-19 17:46:00,2026-01-19 19:40:00,2026-01-19 19:51:00,13510,Premium Economy,9A,125.0,6.0,11.0
P0049,Gaurav Yadav,15,Male,Air India,AI667,2026-01-19,Ahmedabad,Guwahati,2026-01-19 06:15:00,2026-01-19 05:58:00,2026-01-19 09:13:00,2026-01-19 09:05:00,17120,Economy,25C,187.0,-17.0,-8.0
P0050,Gaurav Mehta,23,Male,IndiGo,6E532,2026-01-20,Kolkata,Jaipur,2026-01-20 19:40:00,2026-01-20 19:48:00,2026-01-20 21:53:00,2026-01-20 21:49:00,32070,Business,2B,121.0,8.0,-4.0
P0051,Ravi Kapoor,57,Male,Air India,AI509,2026-01-20,Guwahati,Tiruchirappalli,2026-01-20 15:35:00,2026-01-20 15:44:00,2026-01-20 18:51:00,2026-01-20 18:54:00,19800,Economy,29A,190.0,9.0,3.0
P0052,Shreya Suresh,52,Female,Air India,AI313,2026-01-21,Varanasi,Visakhapatnam,2026-01-21 19:50:00,2026-01-21 19:45:00,2026-01-21 21:30:00,2026-01-21 21:36:00,13030,Premium Economy,5C,111.0,-5.0,6.0
P0053,Ramesh Naidu,34,Male,SpiceJet,SG157,2026-01-22,Varanasi,Chennai,2026-01-22 20:30:00,2026-01-22 21:02:00,2026-01-22 22:49:00,2026-01-22 23:15:00,31130,Business,1B,133.0,32.0,26.0
P0054,Rahul Malhotra,26,Male,Air India,AI204,2026-01-23,Nagpur,Bhopal,2026-01-23 18:00:00,2026-01-23 17:48:00,2026-01-23 18:55:00,2026-01-23 18:45:00,3100,Economy,11E,57.0,-12.0,-10.0
P0055,Akash Subramaniam,35,Male,IndiGo,6E570,2026-01-23,Madurai,Ranchi,2026-01-23 20:35:00,2026-01-23 20:40:00,2026-01-23 23:15:00,2026-01-23 23:09:00,13830,Economy,36A,149.0,5.0,-6.0
P0056,Rahul Suresh,56,Male,Air India Express,IX418,2026-01-24,Patna,Chennai,2026-01-24 12:05:00,2026-01-24 12:04:00,2026-01-24 14:29:00,2026-01-24 14:25:00,13460,Economy,28E,141.0,-1.0,-4.0
P0057,Rohit Verma,49,Male,Alliance Air,9I556,2026-01-24,Amritsar,Srinagar,2026-01-24 12:30:00,2026-01-24 12:34:00,2026-01-24 13:20:00,2026-01-24 13:21:00,2730,Economy,15D,47.0,4.0,1.0
P0058,Padma Mehta,39,Female,Akasa Air,QP587,2026-01-24,Jaipur,Guwahati,2026-01-24 18:25:00,2026-01-24 19:03:00,2026-01-24 20:59:00,2026-01-24 21:52:00,16110,Economy,42C,169.0,38.0,53.0
P0059,Anjali Das,37,Female,IndiGo,6E980,2026-01-24,Bhubaneswar,Goa,2026-01-24 08:05:00,2026-01-24 08:07:00,2026-01-24 10:17:00,2026-01-24 10:16:00,10510,Economy,15B,129.0,2.0,-1.0
P0060,Rajesh Das,65,Male,Akasa Air,QP571,2026-01-24,Madurai,Guwahati,2026-01-24 14:50:00,2026-01-24 16:05:00,2026-01-24 18:12:00,2026-01-24 19:37:00,33120,Premium Economy,7D,212.0,75.0,85.0
P0061,Padma Rathore,37,Female,Air India,AI767,2026-01-25,Pune,Goa,2026-01-25 10:40:00,2026-01-25 10:48:00,2026-01-25 11:34:00,2026-01-25 11:34:00,3290,Economy,23F,46.0,8.0,0.0
P0062,Kajal Shah,10,Female,IndiGo,6E563,2026-01-25,Patna,Bhopal,2026-01-25 19:05:00,2026-01-25 19:24:00,2026-01-25 20:37:00,2026-01-25 20:51:00,6420,Economy,24B,87.0,19.0,14.0
P0063,Anil Das,71,Male,IndiGo,6E331,2026-01-26,Hyderabad,Delhi,2026-01-26 21:40:00,2026-01-26 22:24:00,2026-01-26 23:43:00,2026-01-27 00:17:00,9930,Economy,18E,113.0,44.0,34.0
P0064,Geeta Naidu,28,Female,Air India,AI234,2026-01-26,Guwahati,Nagpur,2026-01-26 13:15:00,2026-01-26 13:50:00,2026-01-26 15:28:00,2026-01-26 16:03:00,13040,Economy,19D,133.0,35.0,35.0
P0065,Asha Singh,23,Female,IndiGo,6E928,2026-01-27,Srinagar,Ahmedabad,2026-01-27 20:10:00,2026-01-27 20:09:00,2026-01-27 22:17:00,2026-01-27 22:19:00,11740,Economy,30B,130.0,-1.0,2.0
P0066,Varun Chowdhury,49,Male,SpiceJet,SG376,2026-01-27,Srinagar,Indore,2026-01-27 21:55:00,2026-01-27 22:24:00,2026-01-27 23:56:00,2026-01-28 00:20:00,19120,Premium Economy,8B,116.0,29.0,24.0
P0067,Madhavi Krishnan,12,Female,Akasa Air,QP520,2026-01-27,Kochi,Amritsar,2026-01-27 22:45:00,2026-01-27 22:44:00,2026-01-28 02:25:00,2026-01-28 02:32:00,53510,Business,4B,228.0,-1.0,7.0
P0068,Sowmya Krishnan,19,Female,Air India,AI415,2026-01-27,Madurai,Lucknow,2026-01-27 09:05:00,2026-01-27 09:10:00,2026-01-27 12:07:00,2026-01-27 12:32:00,14380,Economy,11A,202.0,5.0,25.0
P0069,Suresh Desai,43,Male,Air India,AI506,2026-01-27,Bhubaneswar,Amritsar,2026-01-27 13:45:00,2026-01-27 13:53:00,2026-01-27 16:31:00,2026-01-27 16:51:00,12790,Economy,25F,178.0,8.0,20.0
P0070,Divya Banerjee,17,Female,SpiceJet,SG942,2026-01-27,Kolkata,Patna,2026-01-27 07:25:00,2026-01-27 07:55:00,2026-01-27 08:24:00,2026-01-27 09:10:00,4800,Economy,37B,75.0,30.0,46.0
P0071,Sowmya Agarwal,28,Female,Air India,AI307,2026-01-28,Hyderabad,Amritsar,2026-01-28 09:05:00,2026-01-28 09:10:00,2026-01-28 11:44:00,2026-01-28 11:57:00,15950,Economy,44C,167.0,5.0,13.0
P0072,Nandini Mehta,47,Female,Alliance Air,9I504,2026-01-28,Coimbatore,Bengaluru,2026-01-28 16:25:00,2026-01-28 16:29:00,2026-01-28 17:15:00,2026-01-28 17:27:00,2700,Economy,23D,58.0,4.0,12.0
P0073,Sowmya Gupta,29,Female,Akasa Air,QP217,2026-01-28,Chennai,Mangalore,2026-01-28 10:55:00,2026-01-28 10:55:00,2026-01-28 12:04:00,2026-01-28 12:02:00,4900,Economy,37D,67.0,0.0,-2.0
P0074,Anjali Bose,50,Female,Air India Express,IX503,2026-01-28,Lucknow,Guwahati,2026-01-28 15:10:00,2026-01-28 15:06:00,2026-01-28 17:08:00,2026-01-28 17:22:00,9770,Economy,27E,136.0,-4.0,14.0
P0075,Yash Gupta,40,Male,Alliance Air,9I724,2026-01-28,Chandigarh,Kolkata,2026-01-28 09:40:00,2026-01-28 10:04:00,2026-01-28 12:04:00,2026-01-28 12:22:00,27650,Business,3A,138.0,24.0,18.0
P0076,Karthik Choudhary,49,Male,Air India,AI232,2026-01-28,Kolkata,Mangalore,2026-01-28 20:15:00,2026-01-28 20:22:00,2026-01-28 22:55:00,2026-01-28 23:14:00,15860,Economy,43E,172.0,7.0,19.0
P0077,Komal Subramaniam,57,Female,IndiGo,6E454,2026-01-29,Hyderabad,Jaipur,2026-01-29 06:50:00,2026-01-29 07:00:00,2026-01-29 08:38:00,2026-01-29 08:37:00,9790,Economy,14A,97.0,10.0,-1.0
P0078,Aditya Agarwal,35,Male,Akasa Air,QP157,2026-01-29,Visakhapatnam,Patna,2026-01-29 15:40:00,2026-01-29 15:48:00,2026-01-29 17:15:00,2026-01-29 17:26:00,22550,Business,2C,98.0,8.0,11.0
P0079,Harish Chatterjee,53,Male,IndiGo,6E897,2026-01-30,Kolkata,Delhi,2026-01-30 21:40:00,2026-01-30 21:50:00,2026-01-30 23:51:00,2026-01-31 00:11:00,9140,Economy,19B,141.0,10.0,20.0
P0080,Akash Raghavan,50,Male,Alliance Air,9I966,2026-01-30,Patna,Indore,2026-01-30 18:35:00,2026-01-30 19:28:00,2026-01-30 20:20:00,2026-01-30 21:09:00,22940,Business,4C,101.0,53.0,49.0
P0081,Lakshmi Bhatt,44,Female,Air India Express,IX607,2026-01-30,Patna,Bhubaneswar,2026-01-30 13:40:00,2026-01-30 14:14:00,2026-01-30 14:46:00,2026-01-30 15:10:00,10260,Premium Economy,8B,56.0,34.0,24.0
P0082,Nikhil Trivedi,41,Male,SpiceJet,SG711,2026-01-30,Chandigarh,Srinagar,2026-01-30 16:25:00,2026-01-30 16:47:00,2026-01-30 17:22:00,2026-01-30 17:51:00,10710,Business,1B,64.0,22.0,29.0
P0083,Siddharth Reddy,19,Male,IndiGo,6E706,2026-01-30,Tiruchirappalli,Pune,2026-01-30 16:10:00,2026-01-30 17:20:00,2026-01-30 17:59:00,2026-01-30 18:57:00,10490,Economy,44B,97.0,70.0,58.0
P0084,Charu Choudhary,54,Female,IndiGo,6E826,2026-01-31,Kochi,Chennai,2026-01-31 12:10:00,2026-01-31 13:05:00,2026-01-31 13:24:00,2026-01-31 14:21:00,6200,Economy,23B,76.0,55.0,57.0
P0085,Komal Das,57,Female,SpiceJet,SG118,2026-01-31,Amritsar,Mumbai,2026-01-31 17:35:00,2026-01-31 17:39:00,2026-01-31 20:01:00,2026-01-31 20:21:00,12570,Economy,12B,162.0,4.0,20.0
P0086,Varun Singh,37,Male,IndiGo,6E936,2026-01-31,Delhi,Madurai,2026-01-31 12:15:00,2026-01-31 12:48:00,2026-01-31 15:33:00,2026-01-31 16:21:00,19800,Economy,18B,213.0,33.0,48.0
P0087,Rekha Reddy,50,Female,SpiceJet,SG652,2026-01-31,Hyderabad,Varanasi,2026-01-31 10:40:00,2026-01-31 10:40:00,2026-01-31 12:31:00,2026-01-31 12:33:00,14540,Premium Economy,5C,113.0,0.0,2.0
P0088,Balaji Yadav,51,Male,Alliance Air,9I101,2026-01-31,Bengaluru,Chennai,2026-01-31 11:45:00,2026-01-31 14:18:00,2026-01-31 12:35:00,2026-01-31 14:58:00,3100,Economy,45F,40.0,153.0,143.0
P0089,Krishna Malhotra,58,Male,Air India,AI118,2026-02-01,Srinagar,Bengaluru,2026-02-01 22:55:00,2026-02-01 22:54:00,2026-02-02 02:24:00,2026-02-02 02:11:00,17870,Economy,19D,197.0,-1.0,-13.0
P0090,Kajal Krishnan,33,Female,SpiceJet,SG929,2026-02-01,Jaipur,Lucknow,2026-02-01 16:50:00,2026-02-01 18:56:00,2026-02-01 17:48:00,2026-02-01 19:53:00,13520,Business,3C,57.0,126.0,125.0
P0091,Sunil Banerjee,16,Male,SpiceJet,SG438,2026-02-01,Srinagar,Goa,2026-02-01 14:40:00,2026-02-01 14:44:00,2026-02-01 17:55:00,2026-02-01 18:07:00,14390,Economy,28E,203.0,4.0,12.0
P0092,Akash Dubey,23,Male,Alliance Air,9I543,2026-02-01,Bhubaneswar,Tiruchirappalli,2026-02-01 21:10:00,2026-02-01 21:10:00,2026-02-01 23:25:00,2026-02-01 23:33:00,38150,Business,2C,143.0,0.0,8.0
P0093,Sindhu Desai,67,Female,Air India Express,IX281,2026-02-02,Indore,Guwahati,2026-02-02 08:30:00,2026-02-02 09:01:00,2026-02-02 11:02:00,2026-02-02 11:53:00,37550,Business,4B,172.0,31.0,51.0
P0094,Neha Trivedi,51,Female,IndiGo,6.00E+182,2026-02-02,Goa,Srinagar,2026-02-02 13:45:00,2026-02-02 14:16:00,2026-02-02 16:52:00,2026-02-02 17:35:00,49780,Business,3D,199.0,31.0,43.0
P0095,Divya Joshi,48,Female,SpiceJet,SG121,2026-02-02,Mumbai,Ranchi,2026-02-02 11:05:00,2026-02-02 11:29:00,2026-02-02 13:17:00,2026-02-02 13:42:00,21850,Premium Economy,6C,133.0,24.0,25.0
P0096,Mahesh Chatterjee,30,Male,Air India Express,IX556,2026-02-03,Kochi,Varanasi,2026-02-03 11:00:00,2026-02-03 11:27:00,2026-02-03 13:48:00,2026-02-03 14:03:00,17450,Economy,41E,156.0,27.0,15.0
P0097,Deepika Rathore,25,Female,Air India,AI421,2026-02-04,Bengaluru,Madurai,2026-02-04 20:25:00,2026-02-04 20:38:00,2026-02-04 21:15:00,2026-02-04 21:21:00,3500,Economy,17D,43.0,13.0,6.0
P0098,Rekha Das,53,Female,Akasa Air,QP506,2026-02-04,Mumbai,Chennai,2026-02-04 15:50:00,2026-02-04 16:32:00,2026-02-04 17:34:00,2026-02-04 18:33:00,8520,Economy,45F,121.0,42.0,59.0
P0099,Karthik Mukherjee,33,Male,IndiGo,6E491,2026-02-04,Amritsar,Surat,2026-02-04 09:05:00,2026-02-04 09:03:00,2026-02-04 11:09:00,2026-02-04 11:05:00,11600,Economy,23F,122.0,-2.0,-4.0
P0100,Nisha Mukherjee,32,Female,IndiGo,6E713,2026-02-04,Goa,Chennai,2026-02-04 05:45:00,2026-02-04 05:43:00,2026-02-04 07:13:00,2026-02-04 07:10:00,6860,Economy,41D,87.0,-2.0,-3.0
P0101,Suman Chauhan,38,Female,Air India,AI295,2026-02-04,Tiruchirappalli,Srinagar,2026-02-04 07:20:00,2026-02-04 07:57:00,2026-02-04 11:15:00,2026-02-04 12:01:00,55430,Business,3A,244.0,37.0,46.0
P0102,Aishwarya Trivedi,43,Female,Air India,AI721,2026-02-05,Delhi,Surat,2026-02-05 22:15:00,2026-02-05 22:23:00,2026-02-05 23:52:00,2026-02-05 23:52:00,15520,Premium Economy,5A,89.0,8.0,0.0
P0103,Gaurav Singh,35,Male,IndiGo,6E322,2026-02-05,Amritsar,Mangalore,2026-02-05 21:20:00,2026-02-05 21:29:00,2026-02-06 00:36:00,2026-02-06 00:53:00,15330,Economy,30B,204.0,9.0,17.0
P0104,Anjali Shah,28,Female,Air India Express,IX447,2026-02-06,Lucknow,Chennai,2026-02-06 17:05:00,2026-02-06 17:13:00,2026-02-06 19:27:00,2026-02-06 19:24:00,12160,Economy,43B,131.0,8.0,-3.0
P0105,Sowmya Chatterjee,28,Female,Air India Express,IX471,2026-02-06,Bengaluru,Patna,2026-02-06 05:10:00,2026-02-06 05:13:00,2026-02-06 07:45:00,2026-02-06 08:07:00,11890,Economy,20A,174.0,3.0,22.0
P0106,Anjali Desai,19,Female,IndiGo,6.00E+187,2026-02-06,Bengaluru,Surat,2026-02-06 16:20:00,2026-02-06 16:30:00,2026-02-06 18:15:00,2026-02-06 18:26:00,7830,Economy,32D,116.0,10.0,11.0
P0107,Sunil Sharma,51,Male,SpiceJet,SG367,2026-02-07,Srinagar,Madurai,2026-02-07 13:15:00,2026-02-07 13:36:00,2026-02-07 17:24:00,2026-02-07 17:33:00,23870,Economy,15F,237.0,21.0,9.0
P0108,Rohan Patel,30,Male,SpiceJet,SG836,2026-02-07,Bengaluru,Kolkata,2026-02-07 05:25:00,2026-02-07 06:37:00,2026-02-07 07:52:00,2026-02-07 09:18:00,14230,Economy,27B,161.0,72.0,86.0
P0109,Kajal Krishnan,23,Female,SpiceJet,SG135,2026-02-07,Nagpur,Goa,2026-02-07 16:35:00,2026-02-07 16:35:00,2026-02-07 18:14:00,2026-02-07 18:21:00,9000,Economy,11D,106.0,0.0,7.0
P0110,Rekha Menon,19,Female,IndiGo,6E980,2026-02-08,Tiruchirappalli,Bhubaneswar,2026-02-08 08:10:00,2026-02-08 08:17:00,2026-02-08 10:22:00,2026-02-08 10:19:00,30870,Business,1A,122.0,7.0,-3.0
P0111,Sunil Chatterjee,52,Male,Air India Express,IX681,2026-02-09,Srinagar,Delhi,2026-02-09 10:45:00,2026-02-09 10:29:00,2026-02-09 12:07:00,2026-02-09 11:56:00,6090,Economy,37D,87.0,-16.0,-11.0
P0112,Harish Chauhan,6,Male,Air India,AI902,2026-02-09,Indore,Visakhapatnam,2026-02-09 16:05:00,2026-02-09 16:10:00,2026-02-09 17:49:00,2026-02-09 17:47:00,11620,Premium Economy,7A,97.0,5.0,-2.0
P0113,Pooja Mehta,19,Female,Air India,AI964,2026-02-10,Tiruchirappalli,Visakhapatnam,2026-02-10 06:00:00,2026-02-10 06:29:00,2026-02-10 07:38:00,2026-02-10 08:08:00,9260,Economy,31E,99.0,29.0,30.0
P0114,Rekha Rao,58,Female,SpiceJet,SG727,2026-02-10,Mumbai,Chennai,2026-02-10 21:35:00,2026-02-10 22:31:00,2026-02-10 23:25:00,2026-02-11 00:13:00,13490,Premium Economy,7B,102.0,56.0,48.0
P0115,Vijay Shah,59,Male,Air India Express,IX406,2026-02-10,Surat,Nagpur,2026-02-10 05:40:00,2026-02-10 05:44:00,2026-02-10 07:04:00,2026-02-10 07:26:00,15320,Business,4D,102.0,4.0,22.0
P0116,Rohit Nair,13,Male,Alliance Air,9I984,2026-02-10,Srinagar,Coimbatore,2026-02-10 15:45:00,2026-02-10 16:08:00,2026-02-10 19:32:00,2026-02-10 19:53:00,20750,Economy,42D,225.0,23.0,21.0
P0117,Kiran Joshi,20,Male,IndiGo,6E542,2026-02-10,Surat,Indore,2026-02-10 14:45:00,2026-02-10 14:54:00,2026-02-10 15:41:00,2026-02-10 16:07:00,4020,Economy,10B,73.0,9.0,26.0
P0118,Ritu Rathore,59,Female,Air India,AI317,2026-02-10,Madurai,Visakhapatnam,2026-02-10 22:25:00,2026-02-10 23:18:00,2026-02-11 00:04:00,2026-02-11 01:11:00,8200,Economy,33E,113.0,53.0,67.0
P0119,Vikram Pillai,29,Male,SpiceJet,SG192,2026-02-11,Chennai,Visakhapatnam,2026-02-11 19:45:00,2026-02-11 19:57:00,2026-02-11 21:01:00,2026-02-11 21:30:00,5750,Economy,18F,93.0,12.0,29.0
P0120,Abhishek Kapoor,54,Male,Air India,AI721,2026-02-11,Bhopal,Indore,2026-02-11 14:05:00,2026-02-11 14:35:00,2026-02-11 14:55:00,2026-02-11 15:37:00,2700,Economy,22A,62.0,30.0,42.0
P0121,Kajal Chatterjee,18,Female,Akasa Air,QP341,2026-02-11,Kochi,Pune,2026-02-11 19:50:00,2026-02-11 20:00:00,2026-02-11 21:40:00,2026-02-11 22:04:00,16880,Premium Economy,7A,124.0,10.0,24.0
P0122,Rohan Suresh,29,Male,Alliance Air,9I150,2026-02-11,Bengaluru,Coimbatore,2026-02-11 14:45:00,2026-02-11 15:07:00,2026-02-11 15:36:00,2026-02-11 16:15:00,3700,Premium Economy,7A,68.0,22.0,39.0
P0123,Nandini Reddy,25,Female,Akasa Air,QP859,2026-02-11,Coimbatore,Ranchi,2026-02-11 18:55:00,2026-02-11 19:49:00,2026-02-11 21:30:00,2026-02-11 22:17:00,16460,Economy,29D,148.0,54.0,47.0
P0124,Arjun Mishra,37,Male,IndiGo,6.00E+140,2026-02-11,Hyderabad,Guwahati,2026-02-11 07:40:00,2026-02-11 07:50:00,2026-02-11 10:15:00,2026-02-11 10:15:00,13280,Economy,17E,145.0,10.0,0.0
P0125,Sowmya Bhatt,39,Female,Air India,AI215,2026-02-13,Lucknow,Visakhapatnam,2026-02-13 14:25:00,2026-02-13 14:44:00,2026-02-13 16:13:00,2026-02-13 16:52:00,8870,Economy,16C,128.0,19.0,39.0
P0126,Kavya Dubey,54,Female,Air India,AI519,2026-02-14,Varanasi,Tiruchirappalli,2026-02-14 22:35:00,2026-02-14 22:54:00,2026-02-15 01:11:00,2026-02-15 01:30:00,13850,Economy,34C,156.0,19.0,19.0
P0127,Karthik Kapoor,48,Male,IndiGo,6E403,2026-02-14,Jaipur,Madurai,2026-02-14 06:20:00,2026-02-14 06:28:00,2026-02-14 09:10:00,2026-02-14 09:26:00,18490,Economy,17A,178.0,8.0,16.0
P0128,Anjali Subramaniam,36,Female,Air India,AI407,2026-02-14,Srinagar,Patna,2026-02-14 13:30:00,2026-02-14 13:35:00,2026-02-14 15:39:00,2026-02-14 15:50:00,11040,Economy,40A,135.0,5.0,11.0
P0129,Suresh Trivedi,16,Male,Air India,AI749,2026-02-14,Hyderabad,Pune,2026-02-14 22:15:00,2026-02-14 22:14:00,2026-02-14 23:14:00,2026-02-14 23:28:00,8340,Premium Economy,7B,74.0,-1.0,14.0
P0130,Ravi Tiwari,59,Male,Air India Express,IX463,2026-02-14,Tiruchirappalli,Surat,2026-02-14 10:15:00,2026-02-14 10:48:00,2026-02-14 12:33:00,2026-02-14 12:55:00,18410,Premium Economy,7B,127.0,33.0,22.0
P0131,Rohan Trivedi,19,Male,SpiceJet,SG433,2026-02-15,Patna,Bengaluru,2026-02-15 14:30:00,2026-02-15 14:15:00,2026-02-15 17:09:00,2026-02-15 17:06:00,11530,Economy,13A,171.0,-15.0,-3.0
P0132,Kavya Mishra,68,Female,IndiGo,6E462,2026-02-16,Pune,Trivandrum,2026-02-16 11:35:00,2026-02-16 12:01:00,2026-02-16 13:34:00,2026-02-16 14:03:00,24750,Business,2B,122.0,26.0,29.0
P0133,Siddharth Nair,38,Male,Air India Express,IX842,2026-02-16,Ranchi,Patna,2026-02-16 15:50:00,2026-02-16 15:53:00,2026-02-16 16:40:00,2026-02-16 16:45:00,5000,Premium Economy,7D,52.0,3.0,5.0
P0134,Mahesh Chauhan,23,Male,SpiceJet,SG542,2026-02-16,Madurai,Chandigarh,2026-02-16 08:30:00,2026-02-16 08:43:00,2026-02-16 12:07:00,2026-02-16 12:23:00,64100,Business,2C,220.0,13.0,16.0
P0135,Vikram Mehta,32,Male,Alliance Air,9I568,2026-02-16,Hyderabad,Goa,2026-02-16 07:35:00,2026-02-16 07:35:00,2026-02-16 08:47:00,2026-02-16 08:55:00,4880,Economy,10D,80.0,0.0,8.0
P0136,Rohan Choudhary,23,Male,IndiGo,6.00E+119,2026-02-16,Bengaluru,Nagpur,2026-02-16 05:20:00,2026-02-16 05:46:00,2026-02-16 07:06:00,2026-02-16 07:48:00,7660,Economy,44E,122.0,26.0,42.0
P0137,Radhika Mehta,57,Female,IndiGo,6E848,2026-02-17,Madurai,Varanasi,2026-02-17 05:55:00,2026-02-17 05:57:00,2026-02-17 08:39:00,2026-02-17 08:41:00,14530,Economy,35D,164.0,2.0,2.0
P0138,Deepak Chowdhury,61,Male,Air India,AI137,2026-02-17,Surat,Chandigarh,2026-02-17 14:00:00,2026-02-17 13:45:00,2026-02-17 16:00:00,2026-02-17 15:54:00,10200,Economy,44E,129.0,-15.0,-6.0
P0139,Aishwarya Reddy,20,Female,Air India,AI214,2026-02-18,Surat,Chennai,2026-02-18 05:15:00,2026-02-18 05:15:00,2026-02-18 07:19:00,2026-02-18 07:22:00,8810,Economy,44B,127.0,0.0,3.0
P0140,Madhavi Reddy,47,Female,Air India Express,IX456,2026-02-19,Coimbatore,Chennai,2026-02-19 08:40:00,2026-02-19 11:40:00,2026-02-19 09:40:00,2026-02-19 12:51:00,14140,Business,2D,71.0,180.0,191.0
P0141,Kavya Joshi,73,Female,Air India,AI842,2026-02-19,Ahmedabad,Patna,2026-02-19 21:50:00,2026-02-19 21:58:00,2026-02-19 23:58:00,2026-02-20 00:05:00,12500,Economy,45D,127.0,8.0,7.0
P0142,Yash Tiwari,57,Male,Air India,AI160,2026-02-19,Bhopal,Kolkata,2026-02-19 13:30:00,2026-02-19 13:37:00,2026-02-19 15:30:00,2026-02-19 15:31:00,25450,Business,2A,114.0,7.0,1.0
P0143,Lakshmi Singh,53,Female,SpiceJet,SG225,2026-02-20,Jaipur,Visakhapatnam,2026-02-20 16:00:00,2026-02-20 16:59:00,2026-02-20 18:10:00,2026-02-20 19:04:00,9030,Economy,37C,125.0,59.0,54.0
P0144,Anita Yadav,61,Female,Air India Express,IX447,2026-02-20,Mangalore,Patna,2026-02-20 05:10:00,2026-02-20 05:27:00,2026-02-20 07:53:00,2026-02-20 07:59:00,26550,Premium Economy,6D,152.0,17.0,6.0
P0145,Padma Naidu,20,Female,Akasa Air,QP682,2026-02-21,Chennai,Kolkata,2026-02-21 06:15:00,2026-02-21 05:58:00,2026-02-21 08:24:00,2026-02-21 08:18:00,21570,Premium Economy,7C,140.0,-17.0,-6.0
P0146,Gaurav Rathore,57,Male,SpiceJet,SG155,2026-02-21,Coimbatore,Lucknow,2026-02-21 11:05:00,2026-02-21 11:13:00,2026-02-21 13:50:00,2026-02-21 14:16:00,28570,Premium Economy,8C,183.0,8.0,26.0
P0147,Kritika Chatterjee,25,Female,IndiGo,6.00E+214,2026-02-21,Lucknow,Ranchi,2026-02-21 07:35:00,2026-02-21 07:45:00,2026-02-21 08:40:00,2026-02-21 09:08:00,15090,Business,2B,83.0,10.0,28.0
P0148,Priya Malhotra,63,Female,SpiceJet,SG250,2026-02-22,Indore,Chandigarh,2026-02-22 22:45:00,2026-02-22 23:24:00,2026-02-23 00:21:00,2026-02-23 01:10:00,25290,Business,4B,106.0,39.0,49.0
P0149,Anjali Banerjee,70,Female,Air India,AI544,2026-02-22,Kolkata,Mumbai,2026-02-22 11:30:00,2026-02-22 12:15:00,2026-02-22 14:01:00,2026-02-22 14:50:00,11380,Economy,29B,155.0,45.0,49.0
P0150,Vikram Kapoor,19,Male,Air India,AI666,2026-02-23,Hyderabad,Jaipur,2026-02-23 15:15:00,2026-02-23 15:42:00,2026-02-23 17:04:00,2026-02-23 17:51:00,10330,Economy,13A,129.0,27.0,47.0
P0151,Tarun Pandey,23,Male,Air India Express,IX127,2026-02-23,Bhopal,Madurai,2026-02-23 19:20:00,2026-02-23 19:35:00,2026-02-23 21:51:00,2026-02-23 22:20:00,11230,Economy,18F,165.0,15.0,29.0
P0152,Arun Choudhary,34,Male,SpiceJet,SG368,2026-02-24,Amritsar,Jaipur,2026-02-24 14:55:00,2026-02-24 16:12:00,2026-02-24 16:06:00,2026-02-24 17:23:00,4730,Economy,14D,71.0,77.0,77.0
P0153,Komal Mishra,71,Female,IndiGo,6E866,2026-02-24,Bhopal,Trivandrum,2026-02-24 18:50:00,2026-02-24 19:45:00,2026-02-24 21:30:00,2026-02-24 22:23:00,11660,Economy,26B,158.0,55.0,53.0
P0154,Balaji Agarwal,31,Male,Air India Express,IX851,2026-02-24,Tiruchirappalli,Ranchi,2026-02-24 06:50:00,2026-02-24 07:00:00,2026-02-24 09:21:00,2026-02-24 09:22:00,17540,Premium Economy,9D,142.0,10.0,1.0
P0155,Asha Raghavan,49,Female,IndiGo,6E606,2026-02-24,Mangalore,Goa,2026-02-24 16:20:00,2026-02-24 16:27:00,2026-02-24 17:10:00,2026-02-24 17:22:00,2960,Economy,43B,55.0,7.0,12.0
P0156,Gaurav Singh,23,Male,IndiGo,6E952,2026-02-25,Pune,Hyderabad,2026-02-25 16:20:00,2026-02-25 16:27:00,2026-02-25 17:27:00,2026-02-25 17:49:00,5110,Economy,26C,82.0,7.0,22.0
P0157,Vandana Dubey,59,Female,IndiGo,6E364,2026-02-26,Delhi,Chandigarh,2026-02-26 12:25:00,2026-02-26 12:28:00,2026-02-26 13:15:00,2026-02-26 13:06:00,4120,Premium Economy,7B,38.0,3.0,-9.0
P0158,Divya Patel,28,Female,Akasa Air,QP250,2026-02-26,Surat,Coimbatore,2026-02-26 19:25:00,2026-02-26 20:37:00,2026-02-26 21:20:00,2026-02-26 22:23:00,9490,Economy,33B,106.0,72.0,63.0
P0159,Deepak Choudhary,15,Male,IndiGo,6E525,2026-02-26,Patna,Chandigarh,2026-02-26 11:50:00,2026-02-26 11:53:00,2026-02-26 13:28:00,2026-02-26 13:37:00,10800,Economy,43D,104.0,3.0,9.0
P0160,Pooja Kapoor,60,Female,Akasa Air,QP934,2026-02-27,Chennai,Patna,2026-02-27 09:25:00,2026-02-27 10:53:00,2026-02-27 11:56:00,2026-02-27 13:20:00,14980,Economy,34E,147.0,88.0,84.0
P0161,Sowmya Iyer,6,Female,Air India Express,IX279,2026-02-28,Hyderabad,Chandigarh,2026-02-28 21:40:00,2026-02-28 22:13:00,2026-03-01 00:05:00,2026-03-01 00:30:00,10480,Economy,12D,137.0,33.0,25.0
P0162,Vijay Das,32,Male,Akasa Air,QP526,2026-02-28,Tiruchirappalli,Mangalore,2026-02-28 05:50:00,2026-02-28 06:25:00,2026-02-28 06:47:00,2026-02-28 07:13:00,4440,Economy,12C,48.0,35.0,26.0
P0163,Aditya Pillai,23,Male,Akasa Air,QP740,2026-03-01,Kochi,Ranchi,2026-03-01 20:25:00,2026-03-01 20:22:00,2026-03-01 23:15:00,2026-03-01 23:13:00,17110,Economy,35A,171.0,-3.0,-2.0
P0164,Suman Gupta,31,Female,SpiceJet,SG699,2026-03-01,Madurai,Chandigarh,2026-03-01 21:45:00,2026-03-01 21:56:00,2026-03-02 01:16:00,2026-03-02 01:29:00,16750,Economy,17C,213.0,11.0,13.0
P0165,Akash Suresh,41,Male,Air India,AI395,2026-03-03,Ahmedabad,Kochi,2026-03-03 18:50:00,2026-03-03 19:30:00,2026-03-03 21:10:00,2026-03-03 21:42:00,13010,Economy,41E,132.0,40.0,32.0
P0166,Deepika Choudhary,46,Female,Air India,AI501,2026-03-03,Kochi,Varanasi,2026-03-03 20:30:00,2026-03-03 20:35:00,2026-03-03 23:16:00,2026-03-03 23:13:00,17790,Economy,10C,158.0,5.0,-3.0
P0167,Rekha Kumar,29,Female,IndiGo,6.00E+186,2026-03-04,Bhopal,Trivandrum,2026-03-04 21:10:00,2026-03-04 21:31:00,2026-03-04 23:47:00,2026-03-05 00:04:00,11340,Economy,27D,153.0,21.0,17.0
P0168,Mahesh Sharma,23,Male,Alliance Air,9I901,2026-03-05,Tiruchirappalli,Coimbatore,2026-03-05 13:10:00,2026-03-05 13:27:00,2026-03-05 14:00:00,2026-03-05 14:29:00,7860,Business,4B,62.0,17.0,29.0
P0169,Sindhu Rao,44,Female,IndiGo,6E423,2026-03-05,Coimbatore,Kolkata,2026-03-05 12:55:00,2026-03-05 13:33:00,2026-03-05 15:33:00,2026-03-05 16:16:00,28030,Premium Economy,6C,163.0,38.0,43.0
P0170,Karthik Banerjee,25,Male,Akasa Air,QP812,2026-03-05,Bhubaneswar,Madurai,2026-03-05 08:35:00,2026-03-05 08:40:00,2026-03-05 10:46:00,2026-03-05 10:59:00,39670,Business,4D,139.0,5.0,13.0
P0171,Ritu Kumar,35,Female,SpiceJet,SG421,2026-03-05,Guwahati,Delhi,2026-03-05 21:55:00,2026-03-06 01:22:00,2026-03-06 00:11:00,2026-03-06 03:34:00,20670,Premium Economy,8C,132.0,207.0,203.0
P0172,Rekha Kumar,20,Female,Air India Express,IX354,2026-03-05,Chandigarh,Amritsar,2026-03-05 06:15:00,2026-03-05 06:25:00,2026-03-05 07:05:00,2026-03-05 07:09:00,2990,Economy,23D,44.0,10.0,4.0
P0173,Krishna Banerjee,57,Male,SpiceJet,SG741,2026-03-05,Tiruchirappalli,Goa,2026-03-05 08:35:00,2026-03-05 08:38:00,2026-03-05 10:02:00,2026-03-05 09:56:00,12930,Premium Economy,9B,78.0,3.0,-6.0
P0174,Rohit Subramaniam,44,Male,IndiGo,6E842,2026-03-05,Varanasi,Lucknow,2026-03-05 18:55:00,2026-03-05 19:00:00,2026-03-05 19:45:00,2026-03-05 20:00:00,4570,Premium Economy,9C,60.0,5.0,15.0
P0175,Amit Rathore,19,Male,IndiGo,6.00E+196,2026-03-06,Madurai,Nagpur,2026-03-06 16:20:00,2026-03-06 17:03:00,2026-03-06 18:29:00,2026-03-06 19:01:00,12300,Economy,39B,118.0,43.0,32.0
P0176,Kavya Rao,8,Female,Air India Express,IX138,2026-03-06,Delhi,Mumbai,2026-03-06 22:05:00,2026-03-06 22:30:00,2026-03-06 23:57:00,2026-03-07 00:26:00,9370,Economy,38F,116.0,25.0,29.0
P0177,Madhavi Chauhan,40,Female,SpiceJet,SG337,2026-03-07,Madurai,Varanasi,2026-03-07 05:35:00,2026-03-07 07:04:00,2026-03-07 08:19:00,2026-03-07 09:46:00,14050,Economy,32E,162.0,89.0,87.0
P0178,Abhishek Mehta,27,Male,Akasa Air,QP150,2026-03-08,Chandigarh,Srinagar,2026-03-08 09:05:00,2026-03-08 10:01:00,2026-03-08 10:02:00,2026-03-08 10:53:00,5050,Economy,43D,52.0,56.0,51.0
P0179,Rohan Naidu,74,Male,IndiGo,6E915,2026-03-08,Coimbatore,Bengaluru,2026-03-08 12:40:00,2026-03-08 13:05:00,2026-03-08 13:30:00,2026-03-08 14:11:00,2840,Economy,39F,66.0,25.0,41.0
P0180,Krishna Suresh,69,Male,Alliance Air,9I394,2026-03-08,Coimbatore,Srinagar,2026-03-08 21:45:00,2026-03-09 00:11:00,2026-03-09 01:42:00,2026-03-09 04:04:00,23010,Economy,41E,233.0,146.0,142.0
P0181,Shalini Das,52,Female,Akasa Air,QP939,2026-03-08,Bengaluru,Surat,2026-03-08 21:05:00,2026-03-08 21:12:00,2026-03-08 22:48:00,2026-03-08 23:03:00,9280,Economy,11A,111.0,7.0,15.0
P0182,Asha Yadav,22,Female,Air India,AI966,2026-03-08,Mumbai,Kochi,2026-03-08 08:05:00,2026-03-08 08:09:00,2026-03-08 09:49:00,2026-03-08 09:51:00,15250,Premium Economy,9A,102.0,4.0,2.0
P0183,Sindhu Tiwari,41,Female,Alliance Air,9I309,2026-03-09,Nagpur,Indore,2026-03-09 17:10:00,2026-03-09 17:40:00,2026-03-09 18:02:00,2026-03-09 18:49:00,4360,Economy,14A,69.0,30.0,47.0
P0184,Kavya Krishnan,49,Female,IndiGo,6E672,2026-03-09,Bhubaneswar,Amritsar,2026-03-09 20:50:00,2026-03-09 20:55:00,2026-03-09 23:27:00,2026-03-09 23:51:00,18930,Premium Economy,8B,176.0,5.0,24.0
P0185,Sindhu Chatterjee,40,Female,Air India Express,IX329,2026-03-09,Chennai,Ranchi,2026-03-09 14:50:00,2026-03-09 15:31:00,2026-03-09 16:48:00,2026-03-09 17:24:00,9750,Economy,28D,113.0,41.0,36.0
P0186,Sneha Naidu,62,Female,IndiGo,6E343,2026-03-10,Mumbai,Bhopal,2026-03-10 16:00:00,2026-03-10 16:10:00,2026-03-10 17:18:00,2026-03-10 17:35:00,7030,Economy,41F,85.0,10.0,17.0
P0187,Deepak Menon,39,Male,Alliance Air,9I106,2026-03-10,Jaipur,Chandigarh,2026-03-10 15:20:00,2026-03-10 15:31:00,2026-03-10 16:16:00,2026-03-10 16:31:00,4600,Economy,25A,60.0,11.0,15.0
P0188,Varun Banerjee,35,Male,Akasa Air,QP165,2026-03-10,Varanasi,Pune,2026-03-10 14:50:00,2026-03-10 14:58:00,2026-03-10 16:57:00,2026-03-10 17:08:00,8790,Economy,17B,130.0,8.0,11.0
P0189,Rani Desai,21,Female,Air India,AI133,2026-03-11,Coimbatore,Amritsar,2026-03-11 18:15:00,2026-03-11 18:38:00,2026-03-11 21:52:00,2026-03-11 22:16:00,18590,Economy,38E,218.0,23.0,24.0
P0190,Shalini Pandey,53,Female,SpiceJet,SG717,2026-03-11,Trivandrum,Ahmedabad,2026-03-11 18:35:00,2026-03-11 18:27:00,2026-03-11 21:14:00,2026-03-11 21:19:00,27820,Premium Economy,8B,172.0,-8.0,5.0
P0191,Vandana Trivedi,43,Female,IndiGo,6E762,2026-03-11,Trivandrum,Mumbai,2026-03-11 09:00:00,2026-03-11 09:10:00,2026-03-11 11:00:00,2026-03-11 11:15:00,12710,Economy,21F,125.0,10.0,15.0
P0192,Rekha Yadav,63,Female,IndiGo,6.00E+146,2026-03-13,Nagpur,Trivandrum,2026-03-13 07:10:00,2026-03-13 07:40:00,2026-03-13 09:28:00,2026-03-13 09:53:00,14330,Economy,15B,133.0,30.0,25.0
P0193,Girish Joshi,45,Male,IndiGo,6E786,2026-03-13,Lucknow,Chennai,2026-03-13 16:25:00,2026-03-13 16:31:00,2026-03-13 18:46:00,2026-03-13 18:55:00,14850,Economy,14A,144.0,6.0,9.0
P0194,Rani Sharma,34,Female,IndiGo,6E462,2026-03-13,Pune,Tiruchirappalli,2026-03-13 19:10:00,2026-03-13 18:59:00,2026-03-13 20:50:00,2026-03-13 20:45:00,7030,Economy,45D,106.0,-11.0,-5.0
P0195,Aishwarya Yadav,25,Female,SpiceJet,SG508,2026-03-13,Goa,Jaipur,2026-03-13 16:50:00,2026-03-13 16:58:00,2026-03-13 19:05:00,2026-03-13 19:22:00,29270,Business,1C,144.0,8.0,17.0
P0196,Ramesh Chowdhury,59,Male,IndiGo,6E321,2026-03-13,Guwahati,Visakhapatnam,2026-03-13 05:55:00,2026-03-13 05:56:00,2026-03-13 08:08:00,2026-03-13 08:12:00,13390,Economy,24E,136.0,1.0,4.0
P0197,Ramesh Naidu,40,Male,Alliance Air,9I320,2026-03-14,Guwahati,Lucknow,2026-03-14 20:45:00,2026-03-14 22:12:00,2026-03-14 22:29:00,2026-03-15 00:14:00,9460,Economy,10A,122.0,87.0,105.0
P0198,Aditya Rao,16,Male,Air India,AI414,2026-03-15,Srinagar,Bhopal,2026-03-15 19:05:00,2026-03-15 19:07:00,2026-03-15 21:14:00,2026-03-15 21:29:00,23970,Business,4D,142.0,2.0,15.0
P0199,Sunita Trivedi,47,Female,Alliance Air,9I177,2026-03-15,Surat,Mangalore,2026-03-15 13:00:00,2026-03-15 13:07:00,2026-03-15 14:41:00,2026-03-15 15:01:00,15020,Premium Economy,9A,114.0,7.0,20.0
P0200,Radhika Dubey,14,Female,IndiGo,6E417,2026-03-15,Madurai,Mumbai,2026-03-15 07:50:00,2026-03-15 09:30:00,2026-03-15 09:41:00,2026-03-15 11:14:00,9920,Economy,42D,104.0,100.0,93.0
P0201,Pooja Patel,34,Female,Alliance Air,9I371,2026-03-15,Tiruchirappalli,Ranchi,2026-03-15 18:55:00,2026-03-15 20:31:00,2026-03-15 21:29:00,2026-03-15 23:24:00,15740,Economy,28B,173.0,96.0,115.0
P0202,Swathi Reddy,19,Female,Air India,AI735,2026-03-15,Tiruchirappalli,Hyderabad,2026-03-15 05:25:00,2026-03-15 05:43:00,2026-03-15 06:55:00,2026-03-15 07:20:00,5980,Economy,11C,97.0,18.0,25.0
P0203,Nandini Chauhan,50,Female,SpiceJet,SG602,2026-03-17,Madurai,Ranchi,2026-03-17 12:30:00,2026-03-17 13:00:00,2026-03-17 15:01:00,2026-03-17 15:42:00,13800,Economy,43C,162.0,30.0,41.0
P0204,Karthik Agarwal,22,Male,IndiGo,6.00E+129,2026-03-17,Mumbai,Goa,2026-03-17 16:25:00,2026-03-17 16:26:00,2026-03-17 17:30:00,2026-03-17 17:45:00,4020,Economy,21B,79.0,1.0,15.0
P0205,Harish Rathore,67,Male,Akasa Air,QP888,2026-03-17,Kochi,Indore,2026-03-17 16:45:00,2026-03-17 16:45:00,2026-03-17 18:58:00,2026-03-17 19:16:00,13440,Economy,33D,151.0,0.0,18.0
P0206,Akash Subramaniam,41,Male,SpiceJet,SG150,2026-03-19,Pune,Kochi,2026-03-19 14:35:00,2026-03-19 14:37:00,2026-03-19 16:18:00,2026-03-19 16:11:00,16110,Premium Economy,6D,94.0,2.0,-7.0
P0207,Kavya Pandey,34,Female,IndiGo,6E436,2026-03-19,Guwahati,Madurai,2026-03-19 07:10:00,2026-03-19 07:16:00,2026-03-19 10:42:00,2026-03-19 10:47:00,15900,Economy,41A,211.0,6.0,5.0
P0208,Jyoti Pandey,30,Female,IndiGo,6E652,2026-03-20,Ahmedabad,Ranchi,2026-03-20 16:30:00,2026-03-20 16:32:00,2026-03-20 18:33:00,2026-03-20 18:23:00,10150,Economy,18C,111.0,2.0,-10.0
P0209,Vandana Singh,19,Female,Air India Express,IX863,2026-03-21,Kochi,Chennai,2026-03-21 11:25:00,2026-03-21 11:27:00,2026-03-21 12:36:00,2026-03-21 12:43:00,4240,Economy,38F,76.0,2.0,7.0
P0210,Jyoti Mehta,7,Female,Air India,AI851,2026-03-21,Ahmedabad,Indore,2026-03-21 09:05:00,2026-03-21 09:12:00,2026-03-21 10:03:00,2026-03-21 10:17:00,4110,Economy,12C,65.0,7.0,14.0
P0211,Sarita Bose,64,Female,IndiGo,6E949,2026-03-22,Amritsar,Tiruchirappalli,2026-03-22 18:10:00,2026-03-22 18:15:00,2026-03-22 21:39:00,2026-03-22 21:41:00,16210,Economy,38A,206.0,5.0,2.0
P0212,Rani Desai,54,Female,SpiceJet,SG444,2026-03-22,Lucknow,Nagpur,2026-03-22 12:25:00,2026-03-22 13:00:00,2026-03-22 13:49:00,2026-03-22 14:15:00,15500,Business,3A,75.0,35.0,26.0
P0213,Meera Kumar,73,Female,SpiceJet,SG204,2026-03-23,Pune,Patna,2026-03-23 13:10:00,2026-03-23 14:47:00,2026-03-23 15:25:00,2026-03-23 17:08:00,11340,Economy,20A,141.0,97.0,103.0
P0214,Abhishek Rathore,47,Male,IndiGo,6E578,2026-03-23,Coimbatore,Lucknow,2026-03-23 13:30:00,2026-03-23 13:26:00,2026-03-23 16:25:00,2026-03-23 16:23:00,17360,Economy,14C,177.0,-4.0,-2.0
P0215,Vijay Raghavan,73,Male,Air India,AI830,2026-03-23,Mumbai,Kochi,2026-03-23 09:30:00,2026-03-23 10:32:00,2026-03-23 11:20:00,2026-03-23 12:34:00,24650,Business,1A,122.0,62.0,74.0
P0216,Tarun Shah,27,Male,IndiGo,6E447,2026-03-23,Trivandrum,Madurai,2026-03-23 21:30:00,2026-03-23 21:29:00,2026-03-23 22:20:00,2026-03-23 22:27:00,3170,Economy,18D,58.0,-1.0,7.0
P0217,Madhavi Naidu,48,Female,Akasa Air,QP972,2026-03-23,Nagpur,Mangalore,2026-03-23 20:40:00,2026-03-23 20:24:00,2026-03-23 22:27:00,2026-03-23 22:14:00,9720,Economy,28B,110.0,-16.0,-13.0
P0218,Yash Chowdhury,39,Male,IndiGo,6E721,2026-03-23,Hyderabad,Goa,2026-03-23 16:30:00,2026-03-23 16:33:00,2026-03-23 17:42:00,2026-03-23 18:05:00,4740,Economy,30B,92.0,3.0,23.0
P0219,Swathi Agarwal,42,Female,IndiGo,6E665,2026-03-24,Amritsar,Patna,2026-03-24 11:55:00,2026-03-24 11:59:00,2026-03-24 13:54:00,2026-03-24 14:00:00,27690,Business,4A,121.0,4.0,6.0
P0220,Kavya Bhatt,67,Female,IndiGo,6E537,2026-03-24,Indore,Trivandrum,2026-03-24 13:10:00,2026-03-24 13:38:00,2026-03-24 15:44:00,2026-03-24 16:03:00,12240,Economy,31A,145.0,28.0,19.0
P0221,Nandini Bhatt,5,Female,IndiGo,6E789,2026-03-24,Varanasi,Mumbai,2026-03-24 18:30:00,2026-03-24 18:38:00,2026-03-24 20:41:00,2026-03-24 21:06:00,12080,Economy,43A,148.0,8.0,25.0
P0222,Nisha Singh,54,Female,SpiceJet,SG974,2026-03-25,Patna,Kochi,2026-03-25 12:00:00,2026-03-25 12:28:00,2026-03-25 15:08:00,2026-03-25 15:32:00,52720,Business,4B,184.0,28.0,24.0
P0223,Bhavana Yadav,36,Female,Air India Express,IX513,2026-03-25,Amritsar,Indore,2026-03-25 05:45:00,2026-03-25 06:04:00,2026-03-25 07:30:00,2026-03-25 07:46:00,29280,Business,3D,102.0,19.0,16.0
P0224,Asha Banerjee,44,Female,Air India Express,IX527,2026-03-25,Kochi,Bengaluru,2026-03-25 10:45:00,2026-03-25 10:54:00,2026-03-25 11:38:00,2026-03-25 11:58:00,3670,Economy,16B,64.0,9.0,20.0
P0225,Aishwarya Naidu,20,Female,Air India Express,IX186,2026-03-26,Kochi,Patna,2026-03-26 09:50:00,2026-03-26 10:34:00,2026-03-26 12:51:00,2026-03-26 13:28:00,15230,Economy,37E,174.0,44.0,37.0
P0226,Kajal Gupta,30,Female,IndiGo,6E431,2026-03-27,Amritsar,Chennai,2026-03-27 15:30:00,2026-03-27 15:42:00,2026-03-27 18:40:00,2026-03-27 18:51:00,17370,Economy,31F,189.0,12.0,11.0
P0227,Sanjay Yadav,37,Male,Air India Express,IX265,2026-03-28,Bengaluru,Pune,2026-03-28 22:45:00,2026-03-28 22:59:00,2026-03-29 00:09:00,2026-03-29 00:21:00,7500,Economy,10A,82.0,14.0,12.0
P0228,Gaurav Chauhan,48,Male,SpiceJet,SG804,2026-03-28,Delhi,Mangalore,2026-03-28 10:00:00,2026-03-28 09:58:00,2026-03-28 12:44:00,2026-03-28 12:59:00,14740,Economy,37E,181.0,-2.0,15.0
P0229,Manisha Dubey,76,Female,Air India Express,IX272,2026-03-28,Delhi,Lucknow,2026-03-28 11:45:00,2026-03-28 12:21:00,2026-03-28 12:52:00,2026-03-28 13:23:00,4600,Economy,37F,62.0,36.0,31.0
P0230,Divya Subramaniam,46,Female,IndiGo,6.00E+248,2026-03-28,Mangalore,Kolkata,2026-03-28 18:50:00,2026-03-28 19:26:00,2026-03-28 21:40:00,2026-03-28 22:08:00,13830,Economy,31B,162.0,36.0,28.0
P0231,Rajesh Chowdhury,48,Male,IndiGo,6.00E+124,2026-03-29,Ahmedabad,Mangalore,2026-03-29 12:15:00,2026-03-29 12:23:00,2026-03-29 14:16:00,2026-03-29 14:27:00,15970,Premium Economy,6D,124.0,8.0,11.0
P0232,Girish Raghavan,47,Male,Akasa Air,QP675,2026-03-29,Pune,Varanasi,2026-03-29 16:00:00,2026-03-29 16:40:00,2026-03-29 18:04:00,2026-03-29 18:53:00,11220,Economy,40F,133.0,40.0,49.0
P0233,Rajesh Kapoor,33,Male,Akasa Air,QP628,2026-03-30,Chandigarh,Lucknow,2026-03-30 20:35:00,2026-03-30 21:21:00,2026-03-30 21:53:00,2026-03-30 22:59:00,14640,Business,4B,98.0,46.0,66.0
P0234,Karthik Chatterjee,59,Male,SpiceJet,SG223,2026-03-30,Ranchi,Guwahati,2026-03-30 22:30:00,2026-03-30 22:45:00,2026-03-30 23:57:00,2026-03-31 00:32:00,6990,Economy,10D,107.0,15.0,35.0
P0235,Komal Das,34,Female,Air India Express,IX909,2026-03-30,Indore,Bhopal,2026-03-30 06:05:00,2026-03-30 06:04:00,2026-03-30 06:55:00,2026-03-30 07:03:00,2500,Economy,35C,59.0,-1.0,8.0
P0236,Kiran Tiwari,22,Male,Air India Express,IX361,2026-03-31,Amritsar,Tiruchirappalli,2026-03-31 21:55:00,2026-03-31 22:04:00,2026-04-01 01:32:00,2026-04-01 01:52:00,34490,Premium Economy,8D,228.0,9.0,20.0
P0237,Rahul Chauhan,33,Male,SpiceJet,SG281,2026-03-31,Mangalore,Visakhapatnam,2026-03-31 16:10:00,2026-03-31 16:37:00,2026-03-31 18:00:00,2026-03-31 18:20:00,7920,Economy,34A,103.0,27.0,20.0
P0238,Rekha Mukherjee,73,Female,Air India Express,IX142,2026-04-01,Bengaluru,Tiruchirappalli,2026-04-01 18:45:00,2026-04-01 20:25:00,2026-04-01 19:35:00,2026-04-01 21:20:00,2950,Economy,27A,55.0,100.0,105.0
P0239,Ritu Bose,15,Female,Akasa Air,QP154,2026-04-02,Chennai,Indore,2026-04-02 08:20:00,2026-04-02 09:21:00,2026-04-02 10:19:00,2026-04-02 11:35:00,17870,Premium Economy,8C,134.0,61.0,76.0
P0240,Vandana Menon,32,Female,Air India,AI469,2026-04-02,Coimbatore,Varanasi,2026-04-02 06:20:00,2026-04-02 06:28:00,2026-04-02 09:09:00,2026-04-02 09:09:00,14520,Economy,21A,161.0,8.0,0.0
P0241,Vandana Chatterjee,24,Female,IndiGo,6E594,2026-04-02,Bengaluru,Ahmedabad,2026-04-02 14:55:00,2026-04-02 15:03:00,2026-04-02 16:57:00,2026-04-02 17:18:00,11980,Economy,13E,135.0,8.0,21.0
P0242,Rani Mukherjee,23,Female,Alliance Air,9I810,2026-04-02,Trivandrum,Tiruchirappalli,2026-04-02 12:50:00,2026-04-02 13:12:00,2026-04-02 13:42:00,2026-04-02 14:16:00,2610,Economy,28B,64.0,22.0,34.0
P0243,Komal Joshi,49,Female,IndiGo,6.00E+292,2026-04-03,Patna,Chandigarh,2026-04-03 18:10:00,2026-04-03 18:18:00,2026-04-03 20:00:00,2026-04-03 20:04:00,7270,Economy,14F,106.0,8.0,4.0
P0244,Sandeep Naidu,24,Male,IndiGo,6E719,2026-04-03,Bhubaneswar,Mumbai,2026-04-03 17:10:00,2026-04-03 17:48:00,2026-04-03 19:30:00,2026-04-03 20:19:00,10620,Economy,10C,151.0,38.0,49.0
P0245,Kiran Choudhary,53,Male,Air India,AI628,2026-04-03,Guwahati,Pune,2026-04-03 19:05:00,2026-04-03 19:09:00,2026-04-03 22:17:00,2026-04-03 22:35:00,19400,Economy,13D,206.0,4.0,18.0
P0246,Charu Chauhan,43,Female,IndiGo,6E884,2026-04-03,Patna,Tiruchirappalli,2026-04-03 19:35:00,2026-04-03 20:21:00,2026-04-03 22:26:00,2026-04-03 23:02:00,51240,Business,1B,161.0,46.0,36.0
P0247,Pooja Sharma,21,Female,Air India Express,IX245,2026-04-04,Amritsar,Bengaluru,2026-04-04 07:25:00,2026-04-04 08:01:00,2026-04-04 10:43:00,2026-04-04 11:13:00,20950,Economy,30B,192.0,36.0,30.0
P0248,Siddharth Mukherjee,53,Male,Air India,AI235,2026-04-04,Ranchi,Patna,2026-04-04 21:40:00,2026-04-04 23:19:00,2026-04-04 22:31:00,2026-04-05 00:08:00,3000,Economy,40C,49.0,99.0,97.0
P0249,Amit Mishra,27,Male,Akasa Air,QP652,2026-04-04,Visakhapatnam,Varanasi,2026-04-04 17:15:00,2026-04-04 18:38:00,2026-04-04 18:52:00,2026-04-04 20:21:00,6230,Economy,42E,103.0,83.0,89.0
P0250,Madhavi Pillai,54,Female,IndiGo,6.00E+162,2026-04-04,Chennai,Guwahati,2026-04-04 16:55:00,2026-04-04 17:27:00,2026-04-04 19:43:00,2026-04-04 20:27:00,14560,Economy,32C,180.0,32.0,44.0
P0251,Suresh Pandey,25,Male,IndiGo,6E457,2026-04-05,Trivandrum,Delhi,2026-04-05 14:10:00,2026-04-05 14:16:00,2026-04-05 17:41:00,2026-04-05 17:54:00,19760,Economy,43A,218.0,6.0,13.0
P0252,Ritu Sharma,45,Female,Akasa Air,QP386,2026-04-05,Indore,Amritsar,2026-04-05 19:45:00,2026-04-05 20:26:00,2026-04-05 21:35:00,2026-04-05 22:36:00,10870,Economy,22A,130.0,41.0,61.0
P0253,Siddharth Pillai,59,Male,Air India,AI771,2026-04-05,Goa,Jaipur,2026-04-05 18:30:00,2026-04-05 19:05:00,2026-04-05 20:33:00,2026-04-05 21:17:00,31290,Business,4D,132.0,35.0,44.0
P0254,Nikhil Shah,50,Male,Akasa Air,QP918,2026-04-05,Kochi,Pune,2026-04-05 10:30:00,2026-04-05 12:09:00,2026-04-05 12:08:00,2026-04-05 13:49:00,9310,Economy,11E,100.0,99.0,101.0
P0255,Geeta Subramaniam,71,Female,Air India,AI257,2026-04-06,Nagpur,Madurai,2026-04-06 19:05:00,2026-04-06 19:49:00,2026-04-06 21:17:00,2026-04-06 22:12:00,12250,Economy,27B,143.0,44.0,55.0
P0256,Vikram Patel,31,Male,Akasa Air,QP736,2026-04-06,Jaipur,Trivandrum,2026-04-06 15:10:00,2026-04-06 15:14:00,2026-04-06 18:23:00,2026-04-06 18:44:00,19690,Economy,34F,210.0,4.0,21.0
P0257,Karthik Yadav,5,Male,IndiGo,6E748,2026-04-06,Ranchi,Kochi,2026-04-06 08:00:00,2026-04-06 09:17:00,2026-04-06 10:48:00,2026-04-06 12:01:00,21320,Premium Economy,8A,164.0,77.0,73.0
P0258,Ravi Mukherjee,32,Male,IndiGo,6E796,2026-04-06,Coimbatore,Jaipur,2026-04-06 16:35:00,2026-04-06 16:41:00,2026-04-06 19:15:00,2026-04-06 19:16:00,17150,Economy,44F,155.0,6.0,1.0
P0259,Vishal Sharma,62,Male,Akasa Air,QP555,2026-04-07,Nagpur,Bengaluru,2026-04-07 16:30:00,2026-04-07 16:40:00,2026-04-07 18:06:00,2026-04-07 18:04:00,7690,Economy,33B,84.0,10.0,-2.0
P0260,Anil Yadav,63,Male,IndiGo,6E340,2026-04-07,Chandigarh,Pune,2026-04-07 10:25:00,2026-04-07 10:24:00,2026-04-07 12:38:00,2026-04-07 12:33:00,19130,Premium Economy,7D,129.0,-1.0,-5.0
P0261,Rani Yadav,32,Female,Alliance Air,9I542,2026-04-08,Kolkata,Nagpur,2026-04-08 07:45:00,2026-04-08 07:46:00,2026-04-08 09:29:00,2026-04-08 09:22:00,9370,Economy,19D,96.0,1.0,-7.0
P0262,Ravi Rathore,5,Male,Akasa Air,QP112,2026-04-09,Ahmedabad,Mumbai,2026-04-09 09:10:00,2026-04-09 10:50:00,2026-04-09 10:10:00,2026-04-09 11:40:00,4050,Economy,36B,50.0,100.0,90.0
P0263,Kritika Sharma,63,Female,Air India,AI755,2026-04-10,Chennai,Tiruchirappalli,2026-04-10 13:10:00,2026-04-10 13:46:00,2026-04-10 14:00:00,2026-04-10 14:24:00,3650,Economy,41D,38.0,36.0,24.0
P0264,Amit Singh,30,Male,IndiGo,6.00E+199,2026-04-10,Ahmedabad,Trivandrum,2026-04-10 19:25:00,2026-04-10 20:10:00,2026-04-10 22:05:00,2026-04-10 23:04:00,15250,Economy,19D,174.0,45.0,59.0
P0265,Ramesh Pillai,57,Male,IndiGo,6E874,2026-04-10,Guwahati,Ahmedabad,2026-04-10 21:30:00,2026-04-11 00:38:00,2026-04-11 00:33:00,2026-04-11 03:59:00,14750,Economy,25D,201.0,188.0,206.0
P0266,Mahesh Singh,11,Male,IndiGo,6E887,2026-04-11,Bhubaneswar,Mumbai,2026-04-11 20:55:00,2026-04-11 21:34:00,2026-04-11 23:08:00,2026-04-12 00:06:00,12380,Economy,45A,152.0,39.0,58.0
P0267,Aditya Reddy,30,Male,IndiGo,6E308,2026-04-11,Ranchi,Hyderabad,2026-04-11 07:20:00,2026-04-11 07:46:00,2026-04-11 09:03:00,2026-04-11 09:20:00,8480,Economy,37A,94.0,26.0,17.0
P0268,Geeta Bhatt,75,Female,Air India,AI197,2026-04-11,Bhubaneswar,Hyderabad,2026-04-11 07:45:00,2026-04-11 08:23:00,2026-04-11 09:19:00,2026-04-11 09:53:00,8630,Economy,26C,90.0,38.0,34.0
P0269,Nisha Banerjee,35,Female,Air India,AI852,2026-04-11,Surat,Chandigarh,2026-04-11 22:40:00,2026-04-11 22:53:00,2026-04-12 00:39:00,2026-04-12 00:46:00,9760,Economy,12B,113.0,13.0,7.0
P0270,Abhishek Gupta,21,Male,Alliance Air,9I980,2026-04-12,Nagpur,Bhopal,2026-04-12 22:25:00,2026-04-12 22:29:00,2026-04-12 23:16:00,2026-04-12 23:08:00,3370,Economy,17D,39.0,4.0,-8.0
P0271,Sarita Suresh,20,Female,IndiGo,6E811,2026-04-12,Pune,Visakhapatnam,2026-04-12 15:20:00,2026-04-12 16:02:00,2026-04-12 17:02:00,2026-04-12 17:47:00,8660,Economy,27D,105.0,42.0,45.0
P0272,Divya Gupta,27,Female,IndiGo,6E723,2026-04-13,Mumbai,Bhopal,2026-04-13 21:20:00,2026-04-13 21:34:00,2026-04-13 22:36:00,2026-04-13 22:49:00,5590,Economy,38A,75.0,14.0,13.0
P0273,Sarita Menon,32,Female,Akasa Air,QP467,2026-04-14,Amritsar,Pune,2026-04-14 05:15:00,2026-04-14 05:15:00,2026-04-14 07:32:00,2026-04-14 07:33:00,17510,Premium Economy,9B,138.0,0.0,1.0
P0274,Manoj Raghavan,41,Male,Akasa Air,QP373,2026-04-14,Ranchi,Chandigarh,2026-04-14 19:45:00,2026-04-14 19:54:00,2026-04-14 21:37:00,2026-04-14 21:48:00,12300,Economy,15F,114.0,9.0,11.0
P0275,Ashok Raghavan,79,Male,IndiGo,6E910,2026-04-14,Mumbai,Delhi,2026-04-14 16:40:00,2026-04-14 17:01:00,2026-04-14 18:40:00,2026-04-14 18:50:00,8160,Economy,38A,109.0,21.0,10.0
P0276,Ashok Kumar,39,Male,Air India,AI493,2026-04-15,Patna,Bhubaneswar,2026-04-15 20:30:00,2026-04-15 21:09:00,2026-04-15 21:45:00,2026-04-15 22:43:00,4940,Economy,11B,94.0,39.0,58.0
P0277,Anjali Verma,59,Female,Air India,AI716,2026-04-15,Kochi,Mangalore,2026-04-15 16:50:00,2026-04-15 17:06:00,2026-04-15 17:40:00,2026-04-15 18:09:00,10360,Business,2B,63.0,16.0,29.0
P0278,Karthik Tiwari,55,Male,Air India Express,IX988,2026-04-16,Patna,Trivandrum,2026-04-16 13:30:00,2026-04-16 14:11:00,2026-04-16 16:39:00,2026-04-16 17:10:00,18220,Economy,35B,179.0,41.0,31.0
P0279,Rajesh Singh,58,Male,Air India,AI937,2026-04-16,Nagpur,Mumbai,2026-04-16 09:50:00,2026-04-16 09:59:00,2026-04-16 11:14:00,2026-04-16 11:20:00,6140,Economy,42D,81.0,9.0,6.0
P0280,Divya Desai,32,Female,IndiGo,6E786,2026-04-16,Bengaluru,Mangalore,2026-04-16 20:20:00,2026-04-16 20:56:00,2026-04-16 21:10:00,2026-04-16 21:36:00,3590,Economy,30C,40.0,36.0,26.0
P0281,Vikram Desai,22,Male,IndiGo,6E985,2026-04-16,Patna,Trivandrum,2026-04-16 06:40:00,2026-04-16 06:49:00,2026-04-16 09:49:00,2026-04-16 10:06:00,17570,Economy,11B,197.0,9.0,17.0
P0282,Rohit Mehta,5,Male,Akasa Air,QP847,2026-04-17,Bhopal,Lucknow,2026-04-17 17:55:00,2026-04-17 18:00:00,2026-04-17 19:03:00,2026-04-17 19:15:00,6360,Economy,14D,75.0,5.0,12.0
P0283,Aishwarya Kumar,77,Female,Akasa Air,QP101,2026-04-17,Bengaluru,Delhi,2026-04-17 21:30:00,2026-04-17 22:08:00,2026-04-18 00:19:00,2026-04-18 00:55:00,12310,Economy,21F,167.0,38.0,36.0
P0284,Vandana Das,56,Female,IndiGo,6.00E+292,2026-04-17,Coimbatore,Amritsar,2026-04-17 11:35:00,2026-04-17 11:41:00,2026-04-17 15:11:00,2026-04-17 15:06:00,21930,Economy,18C,205.0,6.0,-5.0
P0285,Ravi Subramaniam,50,Male,Air India Express,IX165,2026-04-17,Coimbatore,Goa,2026-04-17 06:15:00,2026-04-17 06:50:00,2026-04-17 07:26:00,2026-04-17 07:50:00,12360,Business,4D,60.0,35.0,24.0
P0286,Akash Joshi,36,Male,Akasa Air,QP523,2026-04-17,Goa,Surat,2026-04-17 08:25:00,2026-04-17 08:33:00,2026-04-17 09:43:00,2026-04-17 09:55:00,6720,Economy,19F,82.0,8.0,12.0
P0287,Deepika Rao,23,Female,IndiGo,6E834,2026-04-17,Surat,Bengaluru,2026-04-17 15:55:00,2026-04-17 16:03:00,2026-04-17 17:46:00,2026-04-17 18:12:00,9820,Economy,20F,129.0,8.0,26.0
P0288,Shreya Agarwal,45,Female,Akasa Air,QP106,2026-04-19,Amritsar,Ranchi,2026-04-19 15:20:00,2026-04-19 15:30:00,2026-04-19 17:30:00,2026-04-19 17:49:00,10860,Economy,34A,139.0,10.0,19.0
P0289,Deepak Krishnan,50,Male,IndiGo,6E528,2026-04-19,Srinagar,Hyderabad,2026-04-19 10:35:00,2026-04-19 10:57:00,2026-04-19 13:33:00,2026-04-19 13:53:00,14390,Economy,18B,176.0,22.0,20.0
P0290,Pooja Menon,9,Female,Akasa Air,QP151,2026-04-20,Bengaluru,Chandigarh,2026-04-20 17:10:00,2026-04-20 17:49:00,2026-04-20 20:06:00,2026-04-20 20:55:00,18420,Economy,22F,186.0,39.0,49.0
P0291,Rohan Patel,39,Male,Air India Express,IX190,2026-04-20,Hyderabad,Srinagar,2026-04-20 17:30:00,2026-04-20 20:00:00,2026-04-20 20:25:00,2026-04-20 22:43:00,14340,Economy,22F,163.0,150.0,138.0
P0292,Vandana Kumar,59,Female,Air India,AI807,2026-04-20,Goa,Bhubaneswar,2026-04-20 13:55:00,2026-04-20 15:15:00,2026-04-20 16:01:00,2026-04-20 17:22:00,20120,Premium Economy,5C,127.0,80.0,81.0
P0293,Deepika Reddy,63,Female,Air India,AI226,2026-04-20,Guwahati,Bhopal,2026-04-20 15:10:00,2026-04-20 15:18:00,2026-04-20 17:32:00,2026-04-20 17:33:00,10370,Economy,28F,135.0,8.0,1.0
P0294,Arjun Krishnan,52,Male,SpiceJet,SG794,2026-04-20,Ranchi,Mangalore,2026-04-20 10:00:00,2026-04-20 10:05:00,2026-04-20 12:27:00,2026-04-20 12:31:00,41740,Business,1C,146.0,5.0,4.0
P0295,Anita Raghavan,44,Female,IndiGo,6E953,2026-04-21,Chennai,Kochi,2026-04-21 15:35:00,2026-04-21 15:43:00,2026-04-21 16:41:00,2026-04-21 16:50:00,4540,Economy,20F,67.0,8.0,9.0
P0296,Varun Reddy,34,Male,Air India,AI243,2026-04-21,Bhopal,Patna,2026-04-21 11:45:00,2026-04-21 11:55:00,2026-04-21 13:24:00,2026-04-21 13:42:00,26030,Business,3C,107.0,10.0,18.0
P0297,Krishna Pandey,26,Male,IndiGo,6E871,2026-04-22,Nagpur,Indore,2026-04-22 05:10:00,2026-04-22 06:16:00,2026-04-22 06:00:00,2026-04-22 07:18:00,7570,Premium Economy,6C,62.0,66.0,78.0
P0298,Aditya Chowdhury,62,Male,Air India,AI737,2026-04-22,Varanasi,Lucknow,2026-04-22 05:10:00,2026-04-22 05:11:00,2026-04-22 06:00:00,2026-04-22 06:19:00,3200,Economy,24E,68.0,1.0,19.0
P0299,Rekha Rao,40,Female,Air India,AI614,2026-04-23,Guwahati,Goa,2026-04-23 08:40:00,2026-04-23 09:26:00,2026-04-23 12:06:00,2026-04-23 12:49:00,18200,Economy,19A,203.0,46.0,43.0
P0300,Vikram Trivedi,26,Male,Alliance Air,9I907,2026-04-23,Varanasi,Amritsar,2026-04-23 11:00:00,2026-04-23 11:33:00,2026-04-23 12:47:00,2026-04-23 13:16:00,10020,Economy,12D,103.0,33.0,29.0
P0301,Tarun Dubey,27,Male,Akasa Air,QP122,2026-04-24,Delhi,Pune,2026-04-24 09:05:00,2026-04-24 10:44:00,2026-04-24 11:11:00,2026-04-24 12:59:00,8840,Economy,39A,135.0,99.0,108.0
P0302,Yash Singh,35,Male,SpiceJet,SG343,2026-04-25,Madurai,Srinagar,2026-04-25 12:40:00,2026-04-25 12:50:00,2026-04-25 16:38:00,2026-04-25 17:06:00,68860,Business,2C,256.0,10.0,28.0
P0303,Kajal Reddy,48,Female,IndiGo,6E479,2026-04-25,Trivandrum,Chandigarh,2026-04-25 06:20:00,2026-04-25 06:22:00,2026-04-25 10:00:00,2026-04-25 10:04:00,28580,Premium Economy,9A,222.0,2.0,4.0
P0304,Sunil Kapoor,47,Male,IndiGo,6.00E+148,2026-04-25,Amritsar,Varanasi,2026-04-25 14:45:00,2026-04-25 15:25:00,2026-04-25 16:42:00,2026-04-25 17:31:00,25000,Business,2C,126.0,40.0,49.0
P0305,Sandeep Tiwari,63,Male,Akasa Air,QP793,2026-04-25,Srinagar,Hyderabad,2026-04-25 10:10:00,2026-04-25 13:34:00,2026-04-25 13:00:00,2026-04-25 16:24:00,18840,Economy,37A,170.0,204.0,204.0
P0306,Ramesh Chowdhury,60,Male,IndiGo,6E701,2026-04-26,Bhopal,Madurai,2026-04-26 13:25:00,2026-04-26 16:57:00,2026-04-26 15:53:00,2026-04-26 19:24:00,14770,Economy,15F,147.0,212.0,211.0
P0307,Charu Naidu,28,Female,IndiGo,6E983,2026-04-26,Lucknow,Bhopal,2026-04-26 18:10:00,2026-04-26 18:08:00,2026-04-26 19:19:00,2026-04-26 19:13:00,7420,Premium Economy,7A,65.0,-2.0,-6.0
P0308,Tarun Chauhan,39,Male,Air India,AI653,2026-04-26,Varanasi,Kochi,2026-04-26 05:00:00,2026-04-26 05:03:00,2026-04-26 07:53:00,2026-04-26 07:46:00,16390,Economy,23F,163.0,3.0,-7.0
P0309,Yash Tiwari,48,Male,IndiGo,6E587,2026-04-26,Bhubaneswar,Hyderabad,2026-04-26 08:25:00,2026-04-26 10:16:00,2026-04-26 10:04:00,2026-04-26 12:15:00,8590,Economy,12B,119.0,111.0,131.0
P0310,Jyoti Iyer,53,Female,IndiGo,6E896,2026-04-26,Lucknow,Bhubaneswar,2026-04-26 21:15:00,2026-04-26 22:03:00,2026-04-26 22:52:00,2026-04-26 23:47:00,9720,Economy,11A,104.0,48.0,55.0
P0311,Manisha Pillai,39,Female,SpiceJet,SG514,2026-04-27,Visakhapatnam,Bhubaneswar,2026-04-27 08:05:00,2026-04-27 08:10:00,2026-04-27 08:58:00,2026-04-27 09:05:00,3090,Economy,18A,55.0,5.0,7.0
P0312,Sanjay Pandey,53,Male,Air India Express,IX448,2026-04-27,Bengaluru,Kochi,2026-04-27 05:55:00,2026-04-27 06:57:00,2026-04-27 06:48:00,2026-04-27 08:10:00,6810,Premium Economy,9A,73.0,62.0,82.0
P0313,Geeta Menon,41,Female,SpiceJet,SG327,2026-04-28,Bengaluru,Chandigarh,2026-04-28 15:10:00,2026-04-28 15:39:00,2026-04-28 18:05:00,2026-04-28 18:36:00,16670,Economy,39B,177.0,29.0,31.0
P0314,Rohit Choudhary,36,Male,IndiGo,6E921,2026-04-28,Coimbatore,Tiruchirappalli,2026-04-28 21:50:00,2026-04-28 21:48:00,2026-04-28 22:40:00,2026-04-28 22:54:00,3140,Economy,10F,66.0,-2.0,14.0
P0315,Madhavi Krishnan,56,Female,Alliance Air,9I928,2026-04-28,Trivandrum,Delhi,2026-04-28 07:05:00,2026-04-28 07:05:00,2026-04-28 10:25:00,2026-04-28 10:31:00,44570,Business,1A,206.0,0.0,6.0
P0316,Ajay Rathore,34,Male,Akasa Air,QP869,2026-04-29,Bhubaneswar,Lucknow,2026-04-29 10:25:00,2026-04-29 11:09:00,2026-04-29 12:01:00,2026-04-29 13:03:00,11580,Premium Economy,8D,114.0,44.0,62.0
P0317,Rajesh Patel,9,Male,SpiceJet,SG981,2026-04-30,Tiruchirappalli,Goa,2026-04-30 22:20:00,2026-04-30 22:20:00,2026-04-30 23:47:00,2026-04-30 23:46:00,7460,Economy,39F,86.0,0.0,-1.0
P0318,Rahul Choudhary,59,Male,SpiceJet,SG318,2026-04-30,Nagpur,Surat,2026-04-30 13:50:00,2026-04-30 13:57:00,2026-04-30 15:11:00,2026-04-30 15:33:00,15570,Business,1B,96.0,7.0,22.0
P0319,Radhika Mehta,31,Female,Air India,AI682,2026-04-30,Mumbai,Jaipur,2026-04-30 19:30:00,2026-04-30 19:33:00,2026-04-30 21:03:00,2026-04-30 21:08:00,24480,Business,2B,95.0,3.0,5.0
P0320,Amit Banerjee,32,Male,Air India,AI161,2026-05-01,Tiruchirappalli,Trivandrum,2026-05-01 06:20:00,2026-05-01 06:30:00,2026-05-01 07:10:00,2026-05-01 07:16:00,6430,Premium Economy,8C,46.0,10.0,6.0
P0321,Arjun Shah,68,Male,Air India Express,IX707,2026-05-02,Trivandrum,Kochi,2026-05-02 09:15:00,2026-05-02 09:17:00,2026-05-02 10:05:00,2026-05-02 10:23:00,2550,Economy,21E,66.0,2.0,18.0
P0322,Sowmya Rao,5,Female,Air India Express,IX619,2026-05-02,Goa,Varanasi,2026-05-02 14:45:00,2026-05-02 15:24:00,2026-05-02 17:09:00,2026-05-02 17:57:00,17210,Premium Economy,8A,153.0,39.0,48.0
P0323,Kritika Yadav,43,Female,IndiGo,6E975,2026-05-02,Coimbatore,Pune,2026-05-02 16:10:00,2026-05-02 16:07:00,2026-05-02 17:53:00,2026-05-02 17:44:00,8140,Economy,43F,97.0,-3.0,-9.0
P0324,Pooja Kapoor,54,Female,Air India,AI271,2026-05-02,Madurai,Chandigarh,2026-05-02 22:15:00,2026-05-02 22:24:00,2026-05-03 01:45:00,2026-05-03 02:06:00,21480,Economy,19E,222.0,9.0,21.0
P0325,Divya Chauhan,49,Female,IndiGo,6.00E+303,2026-05-02,Hyderabad,Chennai,2026-05-02 07:35:00,2026-05-02 07:43:00,2026-05-02 08:34:00,2026-05-02 08:42:00,7360,Premium Economy,8D,59.0,8.0,8.0
P0326,Arun Choudhary,47,Male,SpiceJet,SG397,2026-05-03,Madurai,Coimbatore,2026-05-03 14:10:00,2026-05-03 17:18:00,2026-05-03 15:00:00,2026-05-03 18:15:00,2950,Premium Economy,9D,57.0,188.0,195.0
P0327,Vandana Mishra,20,Female,Akasa Air,QP167,2026-05-03,Kochi,Chandigarh,2026-05-03 21:30:00,2026-05-03 21:45:00,2026-05-04 01:08:00,2026-05-04 01:19:00,54150,Business,1D,214.0,15.0,11.0
P0328,Swathi Verma,33,Female,IndiGo,6E401,2026-05-03,Surat,Nagpur,2026-05-03 11:05:00,2026-05-03 10:52:00,2026-05-03 12:24:00,2026-05-03 12:17:00,15920,Business,4A,85.0,-13.0,-7.0
P0329,Girish Mukherjee,30,Male,Alliance Air,9I226,2026-05-03,Jaipur,Mangalore,2026-05-03 11:35:00,2026-05-03 11:39:00,2026-05-03 14:08:00,2026-05-03 14:03:00,42300,Business,3B,144.0,4.0,-5.0
P0330,Ashok Chowdhury,29,Male,Air India,AI608,2026-05-04,Tiruchirappalli,Pune,2026-05-04 15:15:00,2026-05-04 14:59:00,2026-05-04 17:03:00,2026-05-04 16:42:00,17570,Premium Economy,8B,103.0,-16.0,-21.0
P0331,Girish Chauhan,29,Male,SpiceJet,SG750,2026-05-04,Pune,Jaipur,2026-05-04 07:25:00,2026-05-04 07:25:00,2026-05-04 09:12:00,2026-05-04 09:30:00,9440,Economy,42E,125.0,0.0,18.0
P0332,Komal Bhatt,35,Female,IndiGo,6E735,2026-05-04,Ahmedabad,Patna,2026-05-04 17:05:00,2026-05-04 17:14:00,2026-05-04 19:09:00,2026-05-04 19:33:00,18230,Premium Economy,8C,139.0,9.0,24.0
P0333,Prakash Choudhary,36,Male,Akasa Air,QP814,2026-05-04,Bhubaneswar,Coimbatore,2026-05-04 17:25:00,2026-05-04 17:42:00,2026-05-04 19:38:00,2026-05-04 20:10:00,13460,Economy,40B,148.0,17.0,32.0
P0334,Rahul Iyer,54,Male,IndiGo,6.00E+168,2026-05-04,Srinagar,Bhopal,2026-05-04 18:20:00,2026-05-04 19:01:00,2026-05-04 20:21:00,2026-05-04 20:57:00,8640,Economy,11C,116.0,41.0,36.0
P0335,Krishna Agarwal,27,Male,IndiGo,6E752,2026-05-05,Jaipur,Amritsar,2026-05-05 12:20:00,2026-05-05 12:29:00,2026-05-05 13:32:00,2026-05-05 13:47:00,5440,Economy,31C,78.0,9.0,15.0
P0336,Krishna Banerjee,8,Male,Air India,AI256,2026-05-05,Bhopal,Indore,2026-05-05 20:00:00,2026-05-05 21:23:00,2026-05-05 20:50:00,2026-05-05 22:16:00,2500,Economy,35A,53.0,83.0,86.0
P0337,Shalini Trivedi,53,Female,SpiceJet,SG667,2026-05-05,Kochi,Mumbai,2026-05-05 21:45:00,2026-05-05 22:27:00,2026-05-05 23:36:00,2026-05-06 00:20:00,14670,Premium Economy,9A,113.0,42.0,44.0
P0338,Krishna Dubey,8,Male,IndiGo,6E684,2026-05-06,Chandigarh,Goa,2026-05-06 08:55:00,2026-05-06 09:27:00,2026-05-06 11:40:00,2026-05-06 12:31:00,15030,Economy,31B,184.0,32.0,51.0
P0339,Madhavi Chatterjee,36,Female,Air India,AI565,2026-05-07,Trivandrum,Ranchi,2026-05-07 12:00:00,2026-05-07 12:25:00,2026-05-07 15:01:00,2026-05-07 15:43:00,17510,Economy,25D,198.0,25.0,42.0
P0340,Sunita Bose,43,Female,IndiGo,6E737,2026-05-07,Ahmedabad,Madurai,2026-05-07 11:55:00,2026-05-07 13:29:00,2026-05-07 14:24:00,2026-05-07 16:01:00,11560,Economy,36A,152.0,94.0,97.0
P0341,Meera Yadav,51,Female,Air India,AI982,2026-05-07,Surat,Ranchi,2026-05-07 17:10:00,2026-05-07 17:11:00,2026-05-07 19:16:00,2026-05-07 19:18:00,30910,Business,3B,127.0,1.0,2.0
P0342,Amit Tiwari,27,Male,IndiGo,6E685,2026-05-08,Coimbatore,Srinagar,2026-05-08 22:20:00,2026-05-08 22:50:00,2026-05-09 02:13:00,2026-05-09 03:01:00,20720,Economy,35C,251.0,30.0,48.0
P0343,Preethi Suresh,24,Female,Air India,AI632,2026-05-10,Trivandrum,Guwahati,2026-05-10 06:10:00,2026-05-10 06:09:00,2026-05-10 10:00:00,2026-05-10 10:06:00,28800,Premium Economy,9D,237.0,-1.0,6.0
P0344,Meera Nair,55,Female,SpiceJet,SG978,2026-05-10,Bengaluru,Surat,2026-05-10 08:10:00,2026-05-10 08:34:00,2026-05-10 09:59:00,2026-05-10 10:34:00,8870,Economy,28F,120.0,24.0,35.0
P0345,Anil Trivedi,35,Male,Air India Express,IX224,2026-05-10,Lucknow,Delhi,2026-05-10 15:30:00,2026-05-10 15:32:00,2026-05-10 16:34:00,2026-05-10 16:37:00,3890,Economy,39A,65.0,2.0,3.0
P0346,Manoj Bose,22,Male,Air India Express,IX104,2026-05-10,Bhopal,Bengaluru,2026-05-10 20:25:00,2026-05-10 20:47:00,2026-05-10 22:28:00,2026-05-10 23:06:00,11690,Economy,16B,139.0,22.0,38.0
P0347,Lakshmi Naidu,78,Female,Air India Express,IX406,2026-05-11,Guwahati,Goa,2026-05-11 22:35:00,2026-05-11 23:05:00,2026-05-12 01:55:00,2026-05-12 02:43:00,32630,Premium Economy,7C,218.0,30.0,48.0
P0348,Sneha Nair,45,Female,IndiGo,6E905,2026-05-11,Goa,Coimbatore,2026-05-11 08:30:00,2026-05-11 09:28:00,2026-05-11 09:42:00,2026-05-11 10:44:00,5730,Economy,37A,76.0,58.0,62.0
P0349,Radhika Choudhary,15,Female,Air India Express,IX690,2026-05-11,Varanasi,Delhi,2026-05-11 16:00:00,2026-05-11 16:07:00,2026-05-11 17:20:00,2026-05-11 17:25:00,7500,Economy,26A,78.0,7.0,5.0
P0350,Sanjay Reddy,19,Male,IndiGo,6E471,2026-05-11,Delhi,Bhubaneswar,2026-05-11 10:30:00,2026-05-11 10:43:00,2026-05-11 12:41:00,2026-05-11 12:52:00,35650,Business,2B,129.0,13.0,11.0
P0351,Naveen Verma,13,Male,IndiGo,6E973,2026-05-11,Bhubaneswar,Kolkata,2026-05-11 07:10:00,2026-05-11 06:54:00,2026-05-11 08:00:00,2026-05-11 07:47:00,4070,Economy,25E,53.0,-16.0,-13.0
P0352,Anita Chowdhury,40,Female,SpiceJet,SG615,2026-05-12,Kochi,Goa,2026-05-12 13:40:00,2026-05-12 14:07:00,2026-05-12 15:03:00,2026-05-12 15:46:00,20310,Business,4B,99.0,27.0,43.0
P0353,Komal Malhotra,45,Female,Air India,AI820,2026-05-12,Kochi,Guwahati,2026-05-12 08:10:00,2026-05-12 11:31:00,2026-05-12 11:46:00,2026-05-12 15:21:00,61390,Business,3B,230.0,201.0,215.0
P0354,Anil Dubey,39,Male,Akasa Air,QP556,2026-05-12,Ranchi,Mumbai,2026-05-12 18:35:00,2026-05-12 19:15:00,2026-05-12 20:49:00,2026-05-12 21:36:00,22120,Premium Economy,8C,141.0,40.0,47.0
P0355,Radhika Gupta,44,Female,Air India,AI789,2026-05-13,Trivandrum,Mumbai,2026-05-13 06:30:00,2026-05-13 06:26:00,2026-05-13 08:30:00,2026-05-13 08:32:00,14600,Premium Economy,7C,126.0,-4.0,2.0
P0356,Anita Iyer,7,Female,Air India,AI111,2026-05-14,Kolkata,Visakhapatnam,2026-05-14 21:55:00,2026-05-14 21:58:00,2026-05-14 23:28:00,2026-05-14 23:27:00,11840,Premium Economy,7A,89.0,3.0,-1.0
P0357,Rekha Menon,41,Female,SpiceJet,SG318,2026-05-14,Delhi,Bhubaneswar,2026-05-14 15:50:00,2026-05-14 15:48:00,2026-05-14 17:59:00,2026-05-14 18:01:00,10610,Economy,29F,133.0,-2.0,2.0
P0358,Komal Chatterjee,23,Female,Air India,AI157,2026-05-15,Ahmedabad,Srinagar,2026-05-15 20:00:00,2026-05-15 20:07:00,2026-05-15 22:00:00,2026-05-15 22:07:00,21210,Premium Economy,7B,120.0,7.0,7.0
P0359,Karthik Subramaniam,76,Male,IndiGo,6.00E+207,2026-05-15,Ranchi,Tiruchirappalli,2026-05-15 14:45:00,2026-05-15 15:27:00,2026-05-15 17:09:00,2026-05-15 17:45:00,11450,Economy,28E,138.0,42.0,36.0
P0360,Vishal Shah,35,Male,Air India Express,IX503,2026-05-16,Patna,Surat,2026-05-16 20:05:00,2026-05-16 20:12:00,2026-05-16 22:18:00,2026-05-16 22:20:00,16570,Premium Economy,6A,128.0,7.0,2.0
P0361,Deepak Mehta,40,Male,IndiGo,6E829,2026-05-16,Chennai,Mumbai,2026-05-16 14:25:00,2026-05-16 14:34:00,2026-05-16 16:09:00,2026-05-16 16:16:00,9200,Economy,32C,102.0,9.0,7.0
P0362,Praveen Kumar,54,Male,IndiGo,6E855,2026-05-16,Bhopal,Kochi,2026-05-16 12:30:00,2026-05-16 12:28:00,2026-05-16 14:48:00,2026-05-16 14:43:00,24940,Premium Economy,5A,135.0,-2.0,-5.0
P0363,Charu Yadav,9,Female,Akasa Air,QP387,2026-05-16,Mumbai,Ranchi,2026-05-16 16:45:00,2026-05-16 18:46:00,2026-05-16 19:08:00,2026-05-16 21:03:00,12090,Economy,25C,137.0,121.0,115.0
P0364,Madhavi Agarwal,28,Female,SpiceJet,SG292,2026-05-17,Goa,Chennai,2026-05-17 05:10:00,2026-05-17 07:27:00,2026-05-17 06:26:00,2026-05-17 08:48:00,4850,Economy,38F,81.0,137.0,142.0
P0365,Prakash Kumar,26,Male,Air India,AI631,2026-05-17,Trivandrum,Ranchi,2026-05-17 19:10:00,2026-05-17 19:41:00,2026-05-17 22:02:00,2026-05-17 22:43:00,16920,Economy,42B,182.0,31.0,41.0
P0366,Divya Kapoor,24,Female,Alliance Air,9I381,2026-05-17,Hyderabad,Varanasi,2026-05-17 07:40:00,2026-05-17 08:00:00,2026-05-17 09:22:00,2026-05-17 09:40:00,7490,Economy,31E,100.0,20.0,18.0
P0367,Ajay Mukherjee,71,Male,IndiGo,6E453,2026-05-17,Ranchi,Bhopal,2026-05-17 22:45:00,2026-05-17 23:56:00,2026-05-18 00:17:00,2026-05-18 01:46:00,7990,Economy,26A,110.0,71.0,89.0
P0368,Rajesh Mehta,60,Male,Air India,AI537,2026-05-17,Jaipur,Indore,2026-05-17 17:45:00,2026-05-17 17:49:00,2026-05-17 18:44:00,2026-05-17 18:41:00,3950,Economy,32B,52.0,4.0,-3.0
P0369,Vidya Bhatt,28,Female,IndiGo,6.00E+223,2026-05-18,Bhopal,Pune,2026-05-18 10:15:00,2026-05-18 10:20:00,2026-05-18 11:29:00,2026-05-18 11:39:00,12210,Premium Economy,9C,79.0,5.0,10.0
P0370,Preethi Verma,21,Female,IndiGo,6.00E+270,2026-05-18,Srinagar,Tiruchirappalli,2026-05-18 14:10:00,2026-05-18 17:38:00,2026-05-18 17:59:00,2026-05-18 21:24:00,25910,Economy,17A,226.0,208.0,205.0
P0371,Rani Sharma,6,Female,SpiceJet,SG112,2026-05-18,Chennai,Bhubaneswar,2026-05-18 14:00:00,2026-05-18 14:09:00,2026-05-18 15:48:00,2026-05-18 16:12:00,16840,Premium Economy,6A,123.0,9.0,24.0
P0372,Vishal Yadav,5,Male,Alliance Air,9I937,2026-05-18,Amritsar,Visakhapatnam,2026-05-18 16:25:00,2026-05-18 17:01:00,2026-05-18 19:05:00,2026-05-18 19:32:00,15340,Economy,15C,151.0,36.0,27.0
P0373,Vandana Rao,37,Female,Air India Express,IX766,2026-05-18,Jaipur,Srinagar,2026-05-18 20:35:00,2026-05-18 20:44:00,2026-05-18 22:09:00,2026-05-18 22:23:00,6550,Economy,25A,99.0,9.0,14.0
P0374,Manisha Yadav,53,Female,Air India,AI638,2026-05-19,Ranchi,Coimbatore,2026-05-19 06:40:00,2026-05-19 06:48:00,2026-05-19 09:15:00,2026-05-19 09:22:00,13570,Economy,17F,154.0,8.0,7.0
P0375,Swathi Nair,20,Female,Air India,AI779,2026-05-19,Visakhapatnam,Srinagar,2026-05-19 06:35:00,2026-05-19 06:38:00,2026-05-19 09:33:00,2026-05-19 09:55:00,42300,Business,3D,197.0,3.0,22.0
P0376,Mahesh Chauhan,44,Male,IndiGo,6E419,2026-05-19,Tiruchirappalli,Srinagar,2026-05-19 09:15:00,2026-05-19 10:00:00,2026-05-19 13:07:00,2026-05-19 13:52:00,61120,Business,3B,232.0,45.0,45.0
P0377,Manisha Sharma,39,Female,SpiceJet,SG239,2026-05-20,Bhopal,Chandigarh,2026-05-20 14:50:00,2026-05-20 14:58:00,2026-05-20 16:26:00,2026-05-20 16:45:00,17010,Business,1B,107.0,8.0,19.0
P0378,Arjun Joshi,34,Male,Air India,AI470,2026-05-21,Srinagar,Mangalore,2026-05-21 13:15:00,2026-05-21 13:22:00,2026-05-21 16:44:00,2026-05-21 17:00:00,17060,Economy,41D,218.0,7.0,16.0
P0379,Suman Chatterjee,6,Female,IndiGo,6E399,2026-05-21,Srinagar,Ahmedabad,2026-05-21 16:15:00,2026-05-21 16:21:00,2026-05-21 18:25:00,2026-05-21 18:46:00,11610,Economy,20F,145.0,6.0,21.0
P0380,Kritika Menon,21,Female,SpiceJet,SG866,2026-05-21,Bhubaneswar,Kochi,2026-05-21 15:55:00,2026-05-21 16:19:00,2026-05-21 18:29:00,2026-05-21 18:53:00,12290,Economy,28F,154.0,24.0,24.0
P0381,Komal Banerjee,43,Female,SpiceJet,SG796,2026-05-22,Chandigarh,Amritsar,2026-05-22 22:35:00,2026-05-22 22:41:00,2026-05-22 23:25:00,2026-05-22 23:49:00,2700,Economy,29E,68.0,6.0,24.0
P0382,Girish Kapoor,30,Male,Air India Express,IX926,2026-05-22,Delhi,Chandigarh,2026-05-22 15:20:00,2026-05-22 15:18:00,2026-05-22 16:10:00,2026-05-22 16:22:00,2900,Economy,19B,64.0,-2.0,12.0
P0383,Sanjay Desai,66,Male,Air India Express,IX820,2026-05-22,Pune,Chandigarh,2026-05-22 15:20:00,2026-05-22 15:26:00,2026-05-22 17:43:00,2026-05-22 17:59:00,13600,Economy,33E,153.0,6.0,16.0
P0384,Shreya Joshi,59,Female,Air India,AI941,2026-05-22,Indore,Surat,2026-05-22 21:40:00,2026-05-22 22:00:00,2026-05-22 22:30:00,2026-05-22 22:44:00,3180,Economy,32B,44.0,20.0,14.0
P0385,Arun Rathore,54,Male,IndiGo,6.00E+217,2026-05-22,Jaipur,Mumbai,2026-05-22 18:05:00,2026-05-22 18:09:00,2026-05-22 19:41:00,2026-05-22 19:47:00,24350,Business,1C,98.0,4.0,6.0
P0386,Neha Tiwari,40,Female,Air India,AI593,2026-05-23,Ahmedabad,Mangalore,2026-05-23 16:05:00,2026-05-23 16:30:00,2026-05-23 17:56:00,2026-05-23 18:36:00,17330,Premium Economy,9A,126.0,25.0,40.0
P0387,Kajal Reddy,35,Female,IndiGo,6E814,2026-05-24,Hyderabad,Amritsar,2026-05-24 11:35:00,2026-05-24 11:42:00,2026-05-24 14:04:00,2026-05-24 14:11:00,11900,Economy,43B,149.0,7.0,7.0
P0388,Rajesh Kumar,53,Male,Air India,AI192,2026-05-24,Patna,Kochi,2026-05-24 16:25:00,2026-05-24 18:41:00,2026-05-24 19:32:00,2026-05-24 21:50:00,19370,Economy,22D,189.0,136.0,138.0
P0389,Ashok Agarwal,48,Male,Air India Express,IX319,2026-05-24,Pune,Surat,2026-05-24 13:10:00,2026-05-24 13:19:00,2026-05-24 14:01:00,2026-05-24 14:13:00,3130,Economy,43B,54.0,9.0,12.0
P0390,Ramesh Banerjee,18,Male,Air India Express,IX931,2026-05-24,Hyderabad,Patna,2026-05-24 22:25:00,2026-05-24 23:02:00,2026-05-25 00:14:00,2026-05-25 01:01:00,34300,Business,4A,119.0,37.0,47.0
P0391,Girish Rao,54,Male,SpiceJet,SG281,2026-05-25,Amritsar,Varanasi,2026-05-25 19:50:00,2026-05-25 21:12:00,2026-05-25 21:40:00,2026-05-25 23:10:00,25940,Business,3B,118.0,82.0,90.0
P0392,Gaurav Raghavan,50,Male,Air India Express,IX243,2026-05-25,Madurai,Kolkata,2026-05-25 09:55:00,2026-05-25 10:28:00,2026-05-25 12:37:00,2026-05-25 13:00:00,11940,Economy,41B,152.0,33.0,23.0
P0393,Gaurav Suresh,60,Male,Air India,AI557,2026-05-25,Bhubaneswar,Indore,2026-05-25 08:00:00,2026-05-25 08:43:00,2026-05-25 09:48:00,2026-05-25 10:31:00,8640,Economy,19B,108.0,43.0,43.0
P0394,Ritu Choudhary,42,Female,IndiGo,6E598,2026-05-26,Kochi,Jaipur,2026-05-26 06:30:00,2026-05-26 06:30:00,2026-05-26 09:27:00,2026-05-26 09:18:00,17480,Economy,26D,168.0,0.0,-9.0
P0395,Naveen Verma,25,Male,Air India,AI423,2026-05-26,Chandigarh,Jaipur,2026-05-26 15:15:00,2026-05-26 15:51:00,2026-05-26 16:08:00,2026-05-26 17:01:00,4790,Economy,18B,70.0,36.0,53.0
P0396,Preethi Kapoor,65,Female,IndiGo,6E854,2026-05-27,Mumbai,Guwahati,2026-05-27 11:25:00,2026-05-27 11:50:00,2026-05-27 14:40:00,2026-05-27 15:23:00,58090,Business,3C,213.0,25.0,43.0
P0397,Kavya Rao,28,Female,Air India,AI484,2026-05-27,Varanasi,Patna,2026-05-27 17:10:00,2026-05-27 17:40:00,2026-05-27 18:00:00,2026-05-27 18:38:00,4550,Premium Economy,7D,58.0,30.0,38.0
P0398,Sowmya Desai,32,Female,Alliance Air,9I914,2026-05-27,Bhopal,Jaipur,2026-05-27 22:30:00,2026-05-27 23:41:00,2026-05-27 23:27:00,2026-05-28 00:48:00,12030,Business,2C,67.0,71.0,81.0
P0399,Rohan Trivedi,59,Male,IndiGo,6E613,2026-05-28,Jaipur,Coimbatore,2026-05-28 16:00:00,2026-05-28 18:53:00,2026-05-28 18:54:00,2026-05-28 22:05:00,28340,Premium Economy,5D,192.0,173.0,191.0
P0400,Vikram Pandey,47,Male,IndiGo,6E914,2026-05-28,Indore,Goa,2026-05-28 07:50:00,2026-05-28 07:59:00,2026-05-28 09:29:00,2026-05-28 09:50:00,8180,Economy,45D,111.0,9.0,21.0
P0401,Akash Bhatt,48,Male,Air India,AI787,2026-05-29,Delhi,Jaipur,2026-05-29 20:25:00,2026-05-29 20:33:00,2026-05-29 21:15:00,2026-05-29 21:26:00,2640,Economy,14B,53.0,8.0,11.0
P0402,Amit Verma,20,Male,SpiceJet,SG625,2026-05-30,Varanasi,Amritsar,2026-05-30 22:10:00,2026-05-30 22:12:00,2026-05-30 23:57:00,2026-05-31 00:08:00,9700,Economy,10E,116.0,2.0,11.0
P0403,Sandeep Pandey,50,Male,IndiGo,6.00E+218,2026-05-30,Amritsar,Lucknow,2026-05-30 18:50:00,2026-05-30 19:35:00,2026-05-30 20:20:00,2026-05-30 21:11:00,19550,Business,4A,96.0,45.0,51.0
P0404,Sunil Chatterjee,78,Male,IndiGo,6E597,2026-05-31,Chennai,Ranchi,2026-05-31 18:00:00,2026-05-31 19:05:00,2026-05-31 20:00:00,2026-05-31 21:11:00,8940,Economy,41A,126.0,65.0,71.0
P0405,Sanjay Iyer,18,Male,IndiGo,6E784,2026-05-31,Tiruchirappalli,Bhubaneswar,2026-05-31 20:20:00,2026-05-31 20:37:00,2026-05-31 22:25:00,2026-05-31 22:41:00,11020,Economy,37C,124.0,17.0,16.0
P0406,Sanjay Menon,51,Male,Air India,AI964,2026-06-01,Kolkata,Bengaluru,2026-06-01 20:45:00,2026-06-01 21:07:00,2026-06-01 23:14:00,2026-06-01 23:48:00,25500,Premium Economy,9A,161.0,22.0,34.0
P0407,Abhishek Choudhary,31,Male,Air India,AI205,2026-06-01,Chennai,Srinagar,2026-06-01 11:45:00,2026-06-01 11:51:00,2026-06-01 15:25:00,2026-06-01 15:35:00,20300,Economy,40F,224.0,6.0,10.0
P0408,Nisha Trivedi,23,Female,SpiceJet,SG133,2026-06-02,Goa,Delhi,2026-06-02 09:35:00,2026-06-02 10:12:00,2026-06-02 12:09:00,2026-06-02 12:58:00,13240,Economy,38F,166.0,37.0,49.0
P0409,Sowmya Tiwari,18,Female,SpiceJet,SG533,2026-06-02,Lucknow,Pune,2026-06-02 05:20:00,2026-06-02 05:23:00,2026-06-02 07:16:00,2026-06-02 07:35:00,11600,Economy,38A,132.0,3.0,19.0
P0410,Shalini Pillai,73,Female,Air India Express,IX396,2026-06-02,Kolkata,Mumbai,2026-06-02 14:55:00,2026-06-02 15:22:00,2026-06-02 17:36:00,2026-06-02 17:54:00,11720,Economy,20E,152.0,27.0,18.0
P0411,Shalini Chatterjee,39,Female,Air India,AI357,2026-06-02,Ahmedabad,Bhopal,2026-06-02 11:35:00,2026-06-02 11:37:00,2026-06-02 12:42:00,2026-06-02 12:32:00,15080,Business,3D,55.0,2.0,-10.0
P0412,Tarun Kapoor,5,Male,IndiGo,6.00E+258,2026-06-02,Mumbai,Hyderabad,2026-06-02 06:50:00,2026-06-02 07:20:00,2026-06-02 08:12:00,2026-06-02 09:01:00,8410,Premium Economy,9C,101.0,30.0,49.0
P0413,Anil Agarwal,46,Male,IndiGo,6E593,2026-06-03,Kolkata,Ahmedabad,2026-06-03 09:45:00,2026-06-03 10:07:00,2026-06-03 12:25:00,2026-06-03 13:07:00,13660,Economy,31D,180.0,22.0,42.0
P0414,Rajesh Dubey,71,Male,Alliance Air,9I357,2026-06-03,Visakhapatnam,Trivandrum,2026-06-03 08:25:00,2026-06-03 08:32:00,2026-06-03 10:21:00,2026-06-03 10:40:00,14670,Premium Economy,6D,128.0,7.0,19.0
P0415,Rohit Krishnan,54,Male,SpiceJet,SG897,2026-06-03,Tiruchirappalli,Bhubaneswar,2026-06-03 15:35:00,2026-06-03 15:28:00,2026-06-03 17:51:00,2026-06-03 17:51:00,12720,Economy,25E,143.0,-7.0,0.0
P0416,Rahul Raghavan,18,Male,Alliance Air,9I772,2026-06-03,Trivandrum,Surat,2026-06-03 08:55:00,2026-06-03 09:46:00,2026-06-03 11:13:00,2026-06-03 12:00:00,13180,Economy,21A,134.0,51.0,47.0
P0417,Sunita Tiwari,23,Female,IndiGo,6E849,2026-06-03,Madurai,Jaipur,2026-06-03 22:10:00,2026-06-03 21:56:00,2026-06-04 01:13:00,2026-06-04 01:15:00,14380,Economy,26E,199.0,-14.0,2.0
P0418,Vandana Bose,55,Female,IndiGo,6E528,2026-06-04,Kolkata,Surat,2026-06-04 09:20:00,2026-06-04 09:17:00,2026-06-04 11:49:00,2026-06-04 11:57:00,15770,Economy,16F,160.0,-3.0,8.0
P0419,Vikram Chatterjee,75,Male,IndiGo,6E945,2026-06-04,Goa,Jaipur,2026-06-04 07:15:00,2026-06-04 07:19:00,2026-06-04 09:28:00,2026-06-04 09:51:00,17860,Premium Economy,7A,152.0,4.0,23.0
P0420,Geeta Reddy,42,Female,Akasa Air,QP152,2026-06-04,Jaipur,Chandigarh,2026-06-04 06:05:00,2026-06-04 06:15:00,2026-06-04 07:08:00,2026-06-04 07:19:00,4590,Economy,31C,64.0,10.0,11.0
P0421,Anjali Krishnan,60,Female,Alliance Air,9I853,2026-06-05,Goa,Nagpur,2026-06-05 20:30:00,2026-06-05 20:46:00,2026-06-05 22:01:00,2026-06-05 22:27:00,8920,Economy,40F,101.0,16.0,26.0
P0422,Kavya Pandey,54,Female,Air India,AI586,2026-06-05,Patna,Kolkata,2026-06-05 18:15:00,2026-06-05 19:49:00,2026-06-05 19:14:00,2026-06-05 20:48:00,7510,Premium Economy,8C,59.0,94.0,94.0
P0423,Kavya Nair,43,Female,Air India,AI340,2026-06-05,Visakhapatnam,Tiruchirappalli,2026-06-05 06:00:00,2026-06-05 06:07:00,2026-06-05 07:35:00,2026-06-05 07:54:00,8090,Economy,35F,107.0,7.0,19.0
P0424,Mahesh Desai,44,Male,SpiceJet,SG445,2026-06-05,Ranchi,Chandigarh,2026-06-05 09:10:00,2026-06-05 09:15:00,2026-06-05 11:09:00,2026-06-05 11:30:00,9710,Economy,19F,135.0,5.0,21.0
P0425,Rahul Agarwal,30,Male,Air India,AI807,2026-06-06,Pune,Coimbatore,2026-06-06 20:55:00,2026-06-06 21:14:00,2026-06-06 22:32:00,2026-06-06 22:52:00,8030,Economy,40E,98.0,19.0,20.0
P0426,Siddharth Trivedi,18,Male,IndiGo,6E971,2026-06-07,Ranchi,Jaipur,2026-06-07 13:20:00,2026-06-07 14:06:00,2026-06-07 15:04:00,2026-06-07 15:45:00,9150,Economy,19F,99.0,46.0,41.0
P0427,Sindhu Subramaniam,57,Female,Alliance Air,9I210,2026-06-08,Nagpur,Ahmedabad,2026-06-08 22:25:00,2026-06-08 23:25:00,2026-06-08 23:46:00,2026-06-09 00:38:00,5870,Economy,39F,73.0,60.0,52.0
P0428,Sindhu Bose,38,Female,Air India,AI154,2026-06-08,Mangalore,Varanasi,2026-06-08 07:35:00,2026-06-08 08:53:00,2026-06-08 10:11:00,2026-06-08 11:24:00,38960,Business,4C,151.0,78.0,73.0
P0429,Rajesh Subramaniam,37,Male,IndiGo,6E980,2026-06-08,Guwahati,Coimbatore,2026-06-08 06:45:00,2026-06-08 08:38:00,2026-06-08 10:10:00,2026-06-08 12:04:00,15120,Economy,26F,206.0,113.0,114.0
P0430,Tarun Yadav,67,Male,Air India,AI244,2026-06-08,Visakhapatnam,Varanasi,2026-06-08 06:15:00,2026-06-08 06:34:00,2026-06-08 07:40:00,2026-06-08 07:47:00,8130,Economy,13C,73.0,19.0,7.0
P0431,Arun Sharma,75,Male,IndiGo,6E795,2026-06-09,Goa,Hyderabad,2026-06-09 08:05:00,2026-06-09 08:49:00,2026-06-09 09:08:00,2026-06-09 10:11:00,8770,Premium Economy,6C,82.0,44.0,63.0
P0432,Deepika Chatterjee,38,Female,IndiGo,6E481,2026-06-09,Nagpur,Kolkata,2026-06-09 18:55:00,2026-06-09 18:41:00,2026-06-09 20:45:00,2026-06-09 20:27:00,14840,Premium Economy,6D,106.0,-14.0,-18.0
P0433,Padma Kumar,48,Female,SpiceJet,SG523,2026-06-09,Mumbai,Pune,2026-06-09 20:50:00,2026-06-09 20:48:00,2026-06-09 21:40:00,2026-06-09 21:39:00,2500,Economy,18C,51.0,-2.0,-1.0
P0434,Sneha Bhatt,42,Female,Alliance Air,9I487,2026-06-10,Delhi,Patna,2026-06-10 16:45:00,2026-06-10 16:44:00,2026-06-10 18:16:00,2026-06-10 18:05:00,9160,Economy,28A,81.0,-1.0,-11.0
P0435,Geeta Kapoor,53,Female,IndiGo,6.00E+169,2026-06-10,Lucknow,Ahmedabad,2026-06-10 08:45:00,2026-06-10 09:17:00,2026-06-10 10:29:00,2026-06-10 10:57:00,9040,Economy,44C,100.0,32.0,28.0
P0436,Mahesh Chatterjee,28,Male,SpiceJet,SG705,2026-06-10,Trivandrum,Bhopal,2026-06-10 18:40:00,2026-06-10 18:43:00,2026-06-10 21:23:00,2026-06-10 21:38:00,21410,Premium Economy,7D,175.0,3.0,15.0
P0437,Naveen Chauhan,54,Male,SpiceJet,SG601,2026-06-10,Hyderabad,Guwahati,2026-06-10 18:30:00,2026-06-10 18:38:00,2026-06-10 21:11:00,2026-06-10 21:12:00,16430,Economy,27F,154.0,8.0,1.0
P0438,Sunil Krishnan,66,Male,IndiGo,6E893,2026-06-11,Goa,Nagpur,2026-06-11 15:05:00,2026-06-11 15:11:00,2026-06-11 16:38:00,2026-06-11 16:56:00,6410,Economy,19C,105.0,6.0,18.0
P0439,Vandana Reddy,71,Female,SpiceJet,SG811,2026-06-11,Hyderabad,Patna,2026-06-11 13:50:00,2026-06-11 14:13:00,2026-06-11 15:42:00,2026-06-11 16:16:00,8830,Economy,42E,123.0,23.0,34.0
P0440,Gaurav Mishra,48,Male,Air India,AI681,2026-06-12,Coimbatore,Madurai,2026-06-12 21:15:00,2026-06-12 21:35:00,2026-06-12 22:05:00,2026-06-12 22:36:00,2500,Economy,20B,61.0,20.0,31.0
P0441,Sowmya Dubey,5,Female,Air India Express,IX850,2026-06-12,Delhi,Bhopal,2026-06-12 16:05:00,2026-06-12 16:41:00,2026-06-12 17:26:00,2026-06-12 18:03:00,16050,Business,2D,82.0,36.0,37.0
P0442,Arun Mishra,48,Male,Air India Express,IX363,2026-06-14,Amritsar,Surat,2026-06-14 20:35:00,2026-06-14 20:45:00,2026-06-14 22:34:00,2026-06-14 22:54:00,9240,Economy,44D,129.0,10.0,20.0
P0443,Balaji Reddy,14,Male,IndiGo,6E403,2026-06-14,Pune,Hyderabad,2026-06-14 06:15:00,2026-06-14 07:39:00,2026-06-14 07:18:00,2026-06-14 08:58:00,7710,Premium Economy,7B,79.0,84.0,100.0
P0444,Anjali Naidu,46,Female,IndiGo,6E465,2026-06-14,Delhi,Goa,2026-06-14 11:45:00,2026-06-14 11:55:00,2026-06-14 14:05:00,2026-06-14 14:20:00,14830,Economy,15E,145.0,10.0,15.0
P0445,Divya Desai,8,Female,SpiceJet,SG458,2026-06-16,Ahmedabad,Varanasi,2026-06-16 06:00:00,2026-06-16 06:58:00,2026-06-16 07:45:00,2026-06-16 08:32:00,8930,Economy,25B,94.0,58.0,47.0
P0446,Radhika Gupta,44,Female,SpiceJet,SG537,2026-06-16,Pune,Lucknow,2026-06-16 14:40:00,2026-06-16 15:18:00,2026-06-16 16:44:00,2026-06-16 17:30:00,10590,Economy,35C,132.0,38.0,46.0
P0447,Sunita Menon,61,Female,IndiGo,6E995,2026-06-17,Tiruchirappalli,Trivandrum,2026-06-17 16:20:00,2026-06-17 16:28:00,2026-06-17 17:10:00,2026-06-17 17:16:00,3420,Economy,29F,48.0,8.0,6.0
P0448,Neha Desai,15,Female,Alliance Air,9I755,2026-06-17,Goa,Mangalore,2026-06-17 14:15:00,2026-06-17 14:25:00,2026-06-17 15:05:00,2026-06-17 15:18:00,10270,Business,4C,53.0,10.0,13.0
P0449,Harish Reddy,8,Male,IndiGo,6E497,2026-06-17,Amritsar,Chandigarh,2026-06-17 09:05:00,2026-06-17 09:15:00,2026-06-17 09:55:00,2026-06-17 10:20:00,3460,Premium Economy,7B,65.0,10.0,25.0
P0450,Varun Bose,57,Male,Air India Express,IX513,2026-06-17,Chandigarh,Surat,2026-06-17 05:35:00,2026-06-17 05:55:00,2026-06-17 07:32:00,2026-06-17 08:05:00,8820,Economy,23D,130.0,20.0,33.0
P0451,Nisha Singh,20,Female,IndiGo,6E409,2026-06-17,Indore,Srinagar,2026-06-17 17:55:00,2026-06-17 21:01:00,2026-06-17 20:09:00,2026-06-17 23:08:00,18740,Premium Economy,8C,127.0,186.0,179.0
P0452,Bhavana Desai,19,Female,Air India Express,IX105,2026-06-17,Patna,Tiruchirappalli,2026-06-17 20:35:00,2026-06-17 21:04:00,2026-06-17 23:17:00,2026-06-17 23:54:00,15470,Economy,13A,170.0,29.0,37.0
P0453,Vandana Banerjee,61,Female,Air India,AI284,2026-06-18,Patna,Chandigarh,2026-06-18 10:40:00,2026-06-18 13:17:00,2026-06-18 12:25:00,2026-06-18 15:12:00,24840,Business,3C,115.0,157.0,167.0
P0454,Vishal Joshi,37,Male,Air India,AI750,2026-06-18,Ranchi,Bhubaneswar,2026-06-18 08:30:00,2026-06-18 09:09:00,2026-06-18 09:25:00,2026-06-18 09:55:00,4410,Economy,13D,46.0,39.0,30.0
P0455,Shreya Suresh,56,Female,IndiGo,6.00E+294,2026-06-18,Srinagar,Jaipur,2026-06-18 09:50:00,2026-06-18 09:58:00,2026-06-18 11:22:00,2026-06-18 11:20:00,7680,Economy,38A,82.0,8.0,-2.0
P0456,Pooja Bhatt,48,Female,Air India,AI497,2026-06-18,Nagpur,Jaipur,2026-06-18 16:05:00,2026-06-18 15:59:00,2026-06-18 17:30:00,2026-06-18 17:26:00,19330,Business,1C,87.0,-6.0,-4.0
P0457,Siddharth Subramaniam,35,Male,SpiceJet,SG520,2026-06-18,Ahmedabad,Mangalore,2026-06-18 05:35:00,2026-06-18 05:45:00,2026-06-18 07:34:00,2026-06-18 07:59:00,31010,Business,1C,134.0,10.0,25.0
P0458,Suresh Sharma,55,Male,Air India Express,IX143,2026-06-18,Pune,Bengaluru,2026-06-18 21:45:00,2026-06-18 21:30:00,2026-06-18 23:01:00,2026-06-18 22:50:00,5030,Economy,29F,80.0,-15.0,-11.0
P0459,Rohan Tiwari,39,Male,Air India Express,IX926,2026-06-18,Coimbatore,Pune,2026-06-18 18:25:00,2026-06-18 18:30:00,2026-06-18 19:55:00,2026-06-18 19:51:00,7500,Economy,16A,81.0,5.0,-4.0
P0460,Anita Sharma,46,Female,IndiGo,6E735,2026-06-18,Ahmedabad,Goa,2026-06-18 22:30:00,2026-06-18 22:38:00,2026-06-19 00:08:00,2026-06-19 00:35:00,12160,Premium Economy,6C,117.0,8.0,27.0
P0461,Anil Bose,23,Male,Air India,AI620,2026-06-19,Surat,Jaipur,2026-06-19 11:45:00,2026-06-19 13:26:00,2026-06-19 13:07:00,2026-06-19 14:47:00,7310,Economy,14B,81.0,101.0,100.0
P0462,Praveen Mukherjee,35,Male,Air India Express,IX544,2026-06-19,Mumbai,Chandigarh,2026-06-19 09:45:00,2026-06-19 09:36:00,2026-06-19 12:02:00,2026-06-19 12:07:00,12360,Economy,45C,151.0,-9.0,5.0
P0463,Vandana Choudhary,17,Female,Akasa Air,QP190,2026-06-19,Ahmedabad,Visakhapatnam,2026-06-19 07:50:00,2026-06-19 08:20:00,2026-06-19 09:58:00,2026-06-19 10:19:00,31760,Business,1D,119.0,30.0,21.0
P0464,Sandeep Iyer,32,Male,Air India,AI794,2026-06-20,Nagpur,Guwahati,2026-06-20 14:00:00,2026-06-20 14:07:00,2026-06-20 16:17:00,2026-06-20 16:15:00,13440,Economy,29B,128.0,7.0,-2.0
P0465,Rajesh Das,35,Male,IndiGo,6E761,2026-06-20,Ranchi,Goa,2026-06-20 21:40:00,2026-06-20 21:42:00,2026-06-21 00:03:00,2026-06-21 00:01:00,39580,Business,3B,139.0,2.0,-2.0
P0466,Rohit Bose,36,Male,SpiceJet,SG346,2026-06-21,Guwahati,Coimbatore,2026-06-21 07:40:00,2026-06-21 09:29:00,2026-06-21 11:03:00,2026-06-21 13:12:00,29410,Premium Economy,9A,223.0,109.0,129.0
P0467,Vishal Choudhary,53,Male,SpiceJet,SG737,2026-06-21,Bhopal,Hyderabad,2026-06-21 05:30:00,2026-06-21 06:14:00,2026-06-21 06:51:00,2026-06-21 07:25:00,5640,Economy,13C,71.0,44.0,34.0
P0468,Nisha Mehta,18,Female,IndiGo,6.00E+114,2026-06-21,Goa,Surat,2026-06-21 07:15:00,2026-06-21 08:07:00,2026-06-21 08:28:00,2026-06-21 09:18:00,10750,Premium Economy,5D,71.0,52.0,50.0
P0469,Anjali Suresh,10,Female,Air India Express,IX918,2026-06-21,Mumbai,Indore,2026-06-21 12:20:00,2026-06-21 12:50:00,2026-06-21 13:32:00,2026-06-21 14:13:00,15890,Business,1B,83.0,30.0,41.0
P0470,Charu Bhatt,20,Female,IndiGo,6E828,2026-06-22,Chandigarh,Coimbatore,2026-06-22 16:35:00,2026-06-22 16:56:00,2026-06-22 20:01:00,2026-06-22 20:23:00,17530,Economy,15F,207.0,21.0,22.0
P0471,Lakshmi Trivedi,36,Female,IndiGo,6E498,2026-06-22,Visakhapatnam,Amritsar,2026-06-22 20:50:00,2026-06-22 21:35:00,2026-06-22 23:30:00,2026-06-23 00:33:00,11690,Economy,20E,178.0,45.0,63.0
P0472,Aditya Yadav,18,Male,Air India,AI139,2026-06-22,Patna,Pune,2026-06-22 15:20:00,2026-06-22 15:30:00,2026-06-22 17:35:00,2026-06-22 17:50:00,13460,Economy,18F,140.0,10.0,15.0
P0473,Radhika Banerjee,63,Female,Akasa Air,QP570,2026-06-23,Jaipur,Pune,2026-06-23 21:45:00,2026-06-23 21:44:00,2026-06-23 23:26:00,2026-06-23 23:13:00,8990,Economy,33E,89.0,-1.0,-13.0
P0474,Sindhu Pandey,53,Female,Air India,AI842,2026-06-24,Pune,Kochi,2026-06-24 07:10:00,2026-06-24 10:25:00,2026-06-24 08:53:00,2026-06-24 12:28:00,7670,Economy,12D,123.0,195.0,215.0
P0475,Varun Krishnan,63,Male,Air India Express,IX981,2026-06-24,Mumbai,Trivandrum,2026-06-24 12:50:00,2026-06-24 13:00:00,2026-06-24 14:53:00,2026-06-24 15:17:00,37060,Business,2B,137.0,10.0,24.0
P0476,Arun Rao,60,Male,SpiceJet,SG742,2026-06-24,Chennai,Kochi,2026-06-24 22:10:00,2026-06-24 22:14:00,2026-06-24 23:18:00,2026-06-24 23:38:00,7010,Premium Economy,5C,84.0,4.0,20.0
P0477,Ravi Yadav,50,Male,IndiGo,6E519,2026-06-24,Bhubaneswar,Chennai,2026-06-24 05:35:00,2026-06-24 07:02:00,2026-06-24 07:26:00,2026-06-24 08:52:00,8160,Economy,10B,110.0,87.0,86.0
P0478,Rohit Rao,37,Male,IndiGo,6E730,2026-06-24,Guwahati,Madurai,2026-06-24 15:20:00,2026-06-24 15:50:00,2026-06-24 18:44:00,2026-06-24 19:29:00,32390,Premium Economy,7A,219.0,30.0,45.0
P0479,Rahul Raghavan,46,Male,SpiceJet,SG727,2026-06-25,Ahmedabad,Srinagar,2026-06-25 05:25:00,2026-06-25 05:22:00,2026-06-25 07:26:00,2026-06-25 07:19:00,11020,Economy,40F,117.0,-3.0,-7.0
P0480,Radhika Singh,50,Female,IndiGo,6E555,2026-06-25,Ahmedabad,Mangalore,2026-06-25 16:40:00,2026-06-25 18:07:00,2026-06-25 18:35:00,2026-06-25 20:12:00,12240,Economy,27B,125.0,87.0,97.0
P0481,Abhishek Tiwari,20,Male,Akasa Air,QP815,2026-06-25,Madurai,Bengaluru,2026-06-25 19:35:00,2026-06-25 19:36:00,2026-06-25 20:27:00,2026-06-25 20:25:00,10820,Business,3C,49.0,1.0,-2.0
P0482,Sandeep Bose,50,Male,Air India,AI490,2026-06-25,Chandigarh,Coimbatore,2026-06-25 15:40:00,2026-06-25 15:30:00,2026-06-25 19:08:00,2026-06-25 18:58:00,21350,Economy,38B,208.0,-10.0,-10.0
P0483,Sarita Subramaniam,9,Female,SpiceJet,SG179,2026-06-25,Jaipur,Bengaluru,2026-06-25 22:30:00,2026-06-25 22:14:00,2026-06-26 01:00:00,2026-06-26 00:55:00,43050,Business,3B,161.0,-16.0,-5.0
P0484,Rahul Bose,76,Male,IndiGo,6E561,2026-06-25,Tiruchirappalli,Ahmedabad,2026-06-25 19:05:00,2026-06-25 18:51:00,2026-06-25 21:29:00,2026-06-25 21:23:00,40660,Business,4B,152.0,-14.0,-6.0
P0485,Neha Agarwal,44,Female,Air India,AI162,2026-06-27,Tiruchirappalli,Mumbai,2026-06-27 07:10:00,2026-06-27 07:06:00,2026-06-27 09:02:00,2026-06-27 08:49:00,7630,Economy,37A,103.0,-4.0,-13.0
P0486,Prakash Pandey,7,Male,IndiGo,6.00E+113,2026-06-27,Kolkata,Varanasi,2026-06-27 17:50:00,2026-06-27 20:48:00,2026-06-27 19:05:00,2026-06-27 22:22:00,6430,Economy,33F,94.0,178.0,197.0
P0487,Komal Das,42,Female,SpiceJet,SG988,2026-06-27,Bhopal,Nagpur,2026-06-27 13:45:00,2026-06-27 13:46:00,2026-06-27 14:36:00,2026-06-27 14:42:00,3740,Economy,24C,56.0,1.0,6.0
P0488,Shreya Kapoor,17,Female,SpiceJet,SG629,2026-06-27,Amritsar,Ranchi,2026-06-27 13:20:00,2026-06-27 14:05:00,2026-06-27 15:42:00,2026-06-27 16:32:00,9550,Economy,14B,147.0,45.0,50.0
P0489,Rekha Gupta,54,Female,Akasa Air,QP166,2026-06-27,Kochi,Visakhapatnam,2026-06-27 13:25:00,2026-06-27 13:31:00,2026-06-27 15:16:00,2026-06-27 15:23:00,14060,Premium Economy,9A,112.0,6.0,7.0
P0490,Prakash Subramaniam,16,Male,Alliance Air,9I590,2026-06-27,Guwahati,Chandigarh,2026-06-27 18:40:00,2026-06-27 18:33:00,2026-06-27 21:09:00,2026-06-27 20:55:00,13550,Economy,25F,142.0,-7.0,-14.0
P0491,Amit Dubey,22,Male,Air India,AI380,2026-06-28,Hyderabad,Amritsar,2026-06-28 16:40:00,2026-06-28 16:41:00,2026-06-28 19:14:00,2026-06-28 19:05:00,10830,Economy,34B,144.0,1.0,-9.0
P0492,Sarita Menon,18,Female,SpiceJet,SG525,2026-06-28,Mangalore,Madurai,2026-06-28 18:45:00,2026-06-28 18:51:00,2026-06-28 19:55:00,2026-06-28 20:16:00,4210,Economy,38D,85.0,6.0,21.0
P0493,Abhishek Bose,48,Male,Air India,AI140,2026-06-28,Chandigarh,Nagpur,2026-06-28 17:05:00,2026-06-28 17:38:00,2026-06-28 18:52:00,2026-06-28 19:44:00,7800,Economy,38F,126.0,33.0,52.0
P0494,Vandana Kapoor,59,Female,Air India,AI926,2026-06-28,Nagpur,Kochi,2026-06-28 06:15:00,2026-06-28 06:46:00,2026-06-28 08:28:00,2026-06-28 08:56:00,10030,Economy,25C,130.0,31.0,28.0
P0495,Radhika Bhatt,47,Female,IndiGo,6E479,2026-06-29,Lucknow,Pune,2026-06-29 07:45:00,2026-06-29 08:30:00,2026-06-29 09:47:00,2026-06-29 10:35:00,12280,Economy,34C,125.0,45.0,48.0
P0496,Naveen Pillai,51,Male,SpiceJet,SG397,2026-06-29,Trivandrum,Kochi,2026-06-29 10:25:00,2026-06-29 10:24:00,2026-06-29 11:15:00,2026-06-29 11:14:00,3480,Premium Economy,6D,50.0,-1.0,-1.0
P0497,Meera Pandey,5,Female,Air India Express,IX164,2026-06-29,Amritsar,Bhopal,2026-06-29 07:25:00,2026-06-29 08:17:00,2026-06-29 09:09:00,2026-06-29 10:07:00,13470,Premium Economy,7A,110.0,52.0,58.0
P0498,Pooja Iyer,34,Female,IndiGo,6.00E+141,2026-06-30,Lucknow,Kolkata,2026-06-30 07:40:00,2026-06-30 08:04:00,2026-06-30 09:18:00,2026-06-30 09:38:00,24870,Business,2A,94.0,24.0,20.0
P0499,Ajay Kumar,35,Male,Air India Express,IX581,2026-06-30,Kochi,Mumbai,2026-06-30 14:55:00,2026-06-30 15:45:00,2026-06-30 16:42:00,2026-06-30 17:34:00,22160,Business,2D,109.0,50.0,52.0
P0500,Arjun Das,55,Male,SpiceJet,SG368,2026-06-30,Kolkata,Bhopal,2026-06-30 18:40:00,2026-06-30 18:24:00,2026-06-30 20:34:00,2026-06-30 20:15:00,9850,Economy,33E,111.0,-16.0,-19.0
